list_date,ticker
2020-11-27,0001
2020-11-27,0002
2020-11-27,0005
2020-11-27,0006
2020-11-27,0007
2020-11-27,0010
2020-11-27,0011
2020-11-27,0012
2020-11-27,0021
2020-11-27,0022
2020-11-27,0023
2020-11-27,0024
2020-11-27,0025
2020-11-27,0026
2020-11-27,0028
2020-11-27,0032
2020-11-27,0034
2020-11-27,0035
2020-11-27,0036
2020-11-27,0038
2020-11-27,0039
2020-11-27,0040
2020-11-27,0041
2020-11-27,0043
2020-11-27,0045
2020-11-27,0048
2020-11-27,0049
2020-11-27,0050
2020-11-27,0054
2020-11-27,0055
2020-11-27,0056
2020-11-27,0059
2020-11-27,0060
2020-11-27,0065
2020-11-27,0066
2020-11-27,0068
2020-11-27,0069
2020-11-27,0070
2020-11-27,0072
2020-11-27,0074
2020-11-27,0075
2020-11-27,0078
2020-11-27,0079
2020-11-27,0080
2020-11-27,0081
2020-11-27,0083
2020-11-27,0084
2020-11-27,0086
2020-11-27,0089
2020-11-27,0090
2020-11-27,0092
2020-11-27,0093
2020-11-27,0094
2020-11-27,0095
2020-11-27,0096
2020-11-27,0097
2020-11-27,0098
2020-11-27,0101
2020-11-27,0102
2020-11-27,0103
2020-11-27,0104
2020-11-27,0105
2020-11-27,0107
2020-11-27,0109
2020-11-27,0111
2020-11-27,0112
2020-11-27,0113
2020-11-27,0117
2020-11-27,0118
2020-11-27,0119
2020-11-27,0120
2020-11-27,0123
2020-11-27,0126
2020-11-27,0127
2020-11-27,0128
2020-11-27,0129
2020-11-27,0131
2020-11-27,0132
2020-11-27,0133
2020-11-27,0136
2020-11-27,0138
2020-11-27,0140
2020-11-27,0141
2020-11-27,0143
2020-11-27,0145
2020-11-27,0146
2020-11-27,0148
2020-11-27,0151
2020-11-27,0152
2020-11-27,0155
2020-11-27,0156
2020-11-27,0157
2020-11-27,0159
2020-11-27,0160
2020-11-27,0161
2020-11-27,0162
2020-11-27,0163
2020-11-27,0165
2020-11-27,0166
2020-11-27,0167
2020-11-27,0168
2020-11-27,0169
2020-11-27,0170
2020-11-27,0172
2020-11-27,0175
2020-11-27,0176
2020-11-27,0177
2020-11-27,0178
2020-11-27,0179
2020-11-27,0181
2020-11-27,0182
2020-11-27,0183
2020-11-27,0185
2020-11-27,0186
2020-11-27,0187
2020-11-27,0188
2020-11-27,0190
2020-11-27,0191
2020-11-27,0192
2020-11-27,0193
2020-11-27,0195
2020-11-27,0196
2020-11-27,0197
2020-11-27,0198
2020-11-27,0199
2020-11-27,0200
2020-11-27,0202
2020-11-27,0203
2020-11-27,0206
2020-11-27,0207
2020-11-27,0208
2020-11-27,0209
2020-11-27,0210
2020-11-27,0211
2020-11-27,0212
2020-11-27,0213
2020-11-27,0215
2020-11-27,0216
2020-11-27,0217
2020-11-27,0218
2020-11-27,0219
2020-11-27,0220
2020-11-27,0221
2020-11-27,0222
2020-11-27,0223
2020-11-27,0226
2020-11-27,0227
2020-11-27,03001
2020-11-27,03003
2020-11-27,03005
2020-11-27,03006
2020-11-27,03007
2020-11-27,03008
2020-11-27,03009
2020-11-27,03011
2020-11-27,03012
2020-11-27,03013
2020-11-27,03015
2020-11-27,03016
2020-11-27,03017
2020-11-27,03018
2020-11-27,03019
2020-11-27,03020
2020-11-27,03022
2020-11-27,03023
2020-11-27,03024
2020-11-27,03025
2020-11-27,03026
2020-11-27,03027
2020-11-27,03029
2020-11-27,03030
2020-11-27,03031
2020-11-27,03033
2020-11-27,03035
2020-11-27,03037
2020-11-27,1007
2020-11-27,1147
2020-11-27,1201
2020-11-27,1287
2020-11-27,1368
2020-11-27,1481
2020-11-27,1538
2020-11-27,1589
2020-11-27,1619
2020-11-27,1651
2020-11-27,1694
2020-11-27,1724
2020-11-27,1818
2020-11-27,1899
2020-11-27,1902
2020-11-27,1961
2020-11-27,1996
2020-11-27,2054
2020-11-27,2062
2020-11-27,2089
2020-11-27,2097
2020-11-27,2127
2020-11-27,2135
2020-11-27,2194
2020-11-27,2224
2020-11-27,2259
2020-11-27,2283
2020-11-27,2291
2020-11-27,2305
2020-11-27,2445
2020-11-27,2542
2020-11-27,2593
2020-11-27,2607
2020-11-27,2658
2020-11-27,2739
2020-11-27,2771
2020-11-27,2828
2020-11-27,2852
2020-11-27,2879
2020-11-27,2925
2020-11-27,3026
2020-11-27,3042
2020-11-27,3069
2020-11-27,3107
2020-11-27,3158
2020-11-27,3174
2020-11-27,3204
2020-11-27,3247
2020-11-27,3301
2020-11-27,3336
2020-11-27,3417
2020-11-27,3484
2020-11-27,3557
2020-11-27,3611
2020-11-27,3662
2020-11-27,3689
2020-11-27,3743
2020-11-27,3778
2020-11-27,3794
2020-11-27,3816
2020-11-27,3867
2020-11-27,3883
2020-11-27,3913
2020-11-27,4022
2020-11-27,4057
2020-11-27,4065
2020-11-27,4081
2020-11-27,4197
2020-11-27,4235
2020-11-27,4243
2020-11-27,4251
2020-11-27,4286
2020-11-27,4316
2020-11-27,4324
2020-11-27,4375
2020-11-27,4383
2020-11-27,4456
2020-11-27,4464
2020-11-27,4588
2020-11-27,4596
2020-11-27,4634
2020-11-27,4707
2020-11-27,4723
2020-11-27,4731
2020-11-27,4758
2020-11-27,4847
2020-11-27,4863
2020-11-27,4944
2020-11-27,4995
2020-11-27,5001
2020-11-27,5005
2020-11-27,5006
2020-11-27,5007
2020-11-27,5009
2020-11-27,5010
2020-11-27,5011
2020-11-27,5012
2020-11-27,5015
2020-11-27,5016
2020-11-27,5020
2020-11-27,5021
2020-11-27,5022
2020-11-27,5024
2020-11-27,5025
2020-11-27,5026
2020-11-27,5027
2020-11-27,5028
2020-11-27,5029
2020-11-27,5031
2020-11-27,5032
2020-11-27,5035
2020-11-27,5036
2020-11-27,5037
2020-11-27,5038
2020-11-27,5040
2020-11-27,5041
2020-11-27,5042
2020-11-27,5047
2020-11-27,5049
2020-11-27,5054
2020-11-27,5056
2020-11-27,5062
2020-11-27,5065
2020-11-27,5068
2020-11-27,5069
2020-11-27,5070
2020-11-27,5072
2020-11-27,5073
2020-11-27,5075
2020-11-27,5079
2020-11-27,5080
2020-11-27,5081
2020-11-27,5082
2020-11-27,5084
2020-11-27,5087
2020-11-27,5090
2020-11-27,5094
2020-11-27,5095
2020-11-27,5098
2020-11-27,5099
2020-11-27,5100
2020-11-27,5101
2020-11-27,5102
2020-11-27,5104
2020-11-27,5107
2020-11-27,5112
2020-11-27,5113
2020-11-27,5115
2020-11-27,5125
2020-11-27,5126
2020-11-27,5129
2020-11-27,5131
2020-11-27,5132
2020-11-27,5133
2020-11-27,5134
2020-11-27,5135
2020-11-27,5138
2020-11-27,5141
2020-11-27,5142
2020-11-27,5143
2020-11-27,5145
2020-11-27,5148
2020-11-27,5151
2020-11-27,5152
2020-11-27,5157
2020-11-27,5159
2020-11-27,5160
2020-11-27,5161
2020-11-27,5162
2020-11-27,5165
2020-11-27,5166
2020-11-27,5168
2020-11-27,5169
2020-11-27,5170
2020-11-27,5171
2020-11-27,5173
2020-11-27,5175
2020-11-27,5178
2020-11-27,5182
2020-11-27,5183
2020-11-27,5184
2020-11-27,5186
2020-11-27,5191
2020-11-27,5192
2020-11-27,5194
2020-11-27,5195
2020-11-27,5196
2020-11-27,5198
2020-11-27,5199
2020-11-27,5200
2020-11-27,5202
2020-11-27,5204
2020-11-27,5205
2020-11-27,5207
2020-11-27,5208
2020-11-27,5209
2020-11-27,5211
2020-11-27,5216
2020-11-27,5218
2020-11-27,5219
2020-11-27,5220
2020-11-27,5222
2020-11-27,5223
2020-11-27,5225
2020-11-27,5226
2020-11-27,5231
2020-11-27,5236
2020-11-27,5238
2020-11-27,5239
2020-11-27,5242
2020-11-27,5243
2020-11-27,5246
2020-11-27,5248
2020-11-27,5249
2020-11-27,5252
2020-11-27,5253
2020-11-27,5254
2020-11-27,5255
2020-11-27,5256
2020-11-27,5257
2020-11-27,5258
2020-11-27,5259
2020-11-27,5263
2020-11-27,5264
2020-11-27,5265
2020-11-27,5267
2020-11-27,5268
2020-11-27,5271
2020-11-27,5272
2020-11-27,5273
2020-11-27,5276
2020-11-27,5277
2020-11-27,5279
2020-11-27,5281
2020-11-27,5284
2020-11-27,5285
2020-11-27,5286
2020-11-27,5288
2020-11-27,5291
2020-11-27,5292
2020-11-27,5293
2020-11-27,5295
2020-11-27,5296
2020-11-27,5347
2020-11-27,5371
2020-11-27,5398
2020-11-27,5401
2020-11-27,5436
2020-11-27,5533
2020-11-27,5568
2020-11-27,5576
2020-11-27,5614
2020-11-27,5622
2020-11-27,5649
2020-11-27,5657
2020-11-27,5673
2020-11-27,5681
2020-11-27,5703
2020-11-27,5738
2020-11-27,5789
2020-11-27,5797
2020-11-27,5827
2020-11-27,5843
2020-11-27,5878
2020-11-27,5908
2020-11-27,5924
2020-11-27,5932
2020-11-27,5983
2020-11-27,6012
2020-11-27,6033
2020-11-27,6068
2020-11-27,6076
2020-11-27,6084
2020-11-27,6114
2020-11-27,6139
2020-11-27,6173
2020-11-27,6181
2020-11-27,6203
2020-11-27,6211
2020-11-27,6238
2020-11-27,6254
2020-11-27,6262
2020-11-27,6351
2020-11-27,6432
2020-11-27,6491
2020-11-27,6521
2020-11-27,6556
2020-11-27,6572
2020-11-27,6599
2020-11-27,6637
2020-11-27,6645
2020-11-27,6718
2020-11-27,6769
2020-11-27,6807
2020-11-27,6815
2020-11-27,6874
2020-11-27,6888
2020-11-27,6912
2020-11-27,6939
2020-11-27,6947
2020-11-27,6963
2020-11-27,6971
2020-11-27,6998
2020-11-27,7003
2020-11-27,7004
2020-11-27,7005
2020-11-27,7006
2020-11-27,7007
2020-11-27,7010
2020-11-27,7013
2020-11-27,7014
2020-11-27,7016
2020-11-27,7017
2020-11-27,7018
2020-11-27,7020
2020-11-27,7022
2020-11-27,7025
2020-11-27,7028
2020-11-27,7029
2020-11-27,7033
2020-11-27,7034
2020-11-27,7035
2020-11-27,7036
2020-11-27,7043
2020-11-27,7045
2020-11-27,7047
2020-11-27,7050
2020-11-27,7052
2020-11-27,7053
2020-11-27,7054
2020-11-27,7060
2020-11-27,7062
2020-11-27,7066
2020-11-27,7070
2020-11-27,7071
2020-11-27,7073
2020-11-27,7076
2020-11-27,7077
2020-11-27,7078
2020-11-27,7079
2020-11-27,7080
2020-11-27,7081
2020-11-27,7082
2020-11-27,7084
2020-11-27,7085
2020-11-27,7086
2020-11-27,7087
2020-11-27,7088
2020-11-27,7089
2020-11-27,7090
2020-11-27,7091
2020-11-27,7094
2020-11-27,7095
2020-11-27,7099
2020-11-27,7100
2020-11-27,7103
2020-11-27,7105
2020-11-27,7106
2020-11-27,7107
2020-11-27,7108
2020-11-27,7113
2020-11-27,7114
2020-11-27,7115
2020-11-27,7117
2020-11-27,7120
2020-11-27,7121
2020-11-27,7123
2020-11-27,7128
2020-11-27,7129
2020-11-27,7130
2020-11-27,7131
2020-11-27,7132
2020-11-27,7133
2020-11-27,7134
2020-11-27,7137
2020-11-27,7139
2020-11-27,7140
2020-11-27,7145
2020-11-27,7146
2020-11-27,7148
2020-11-27,7149
2020-11-27,7152
2020-11-27,7153
2020-11-27,7154
2020-11-27,7155
2020-11-27,7157
2020-11-27,7158
2020-11-27,7160
2020-11-27,7161
2020-11-27,7162
2020-11-27,7163
2020-11-27,7165
2020-11-27,7167
2020-11-27,7168
2020-11-27,7169
2020-11-27,7170
2020-11-27,7172
2020-11-27,7173
2020-11-27,7176
2020-11-27,7178
2020-11-27,7179
2020-11-27,7180
2020-11-27,7181
2020-11-27,7182
2020-11-27,7183
2020-11-27,7186
2020-11-27,7187
2020-11-27,7188
2020-11-27,7190
2020-11-27,7191
2020-11-27,7192
2020-11-27,7197
2020-11-27,7198
2020-11-27,7199
2020-11-27,7200
2020-11-27,7201
2020-11-27,7202
2020-11-27,7204
2020-11-27,7205
2020-11-27,7206
2020-11-27,7207
2020-11-27,7208
2020-11-27,7209
2020-11-27,7210
2020-11-27,7211
2020-11-27,7212
2020-11-27,7215
2020-11-27,7216
2020-11-27,7217
2020-11-27,7218
2020-11-27,7219
2020-11-27,7221
2020-11-27,7222
2020-11-27,7223
2020-11-27,7225
2020-11-27,7226
2020-11-27,7227
2020-11-27,7229
2020-11-27,7231
2020-11-27,7232
2020-11-27,7233
2020-11-27,7234
2020-11-27,7235
2020-11-27,7237
2020-11-27,7239
2020-11-27,7240
2020-11-27,7241
2020-11-27,7243
2020-11-27,7245
2020-11-27,7246
2020-11-27,7247
2020-11-27,7248
2020-11-27,7249
2020-11-27,7250
2020-11-27,7251
2020-11-27,7252
2020-11-27,7253
2020-11-27,7277
2020-11-27,7285
2020-11-27,7293
2020-11-27,7315
2020-11-27,7323
2020-11-27,7412
2020-11-27,7498
2020-11-27,7501
2020-11-27,7528
2020-11-27,7544
2020-11-27,7579
2020-11-27,7595
2020-11-27,7609
2020-11-27,7617
2020-11-27,7676
2020-11-27,7722
2020-11-27,7757
2020-11-27,7773
2020-11-27,7803
2020-11-27,7811
2020-11-27,7854
2020-11-27,7889
2020-11-27,7935
2020-11-27,7943
2020-11-27,8044
2020-11-27,8052
2020-11-27,8079
2020-11-27,8117
2020-11-27,8125
2020-11-27,8133
2020-11-27,8141
2020-11-27,8176
2020-11-27,8192
2020-11-27,8206
2020-11-27,8273
2020-11-27,8303
2020-11-27,8311
2020-11-27,8338
2020-11-27,8362
2020-11-27,8419
2020-11-27,8435
2020-11-27,8443
2020-11-27,8478
2020-11-27,8486
2020-11-27,8494
2020-11-27,8524
2020-11-27,8567
2020-11-27,8583
2020-11-27,8591
2020-11-27,8605
2020-11-27,8613
2020-11-27,8664
2020-11-27,8672
2020-11-27,8745
2020-11-27,8761
2020-11-27,8834
2020-11-27,8869
2020-11-27,8877
2020-11-27,8885
2020-11-27,8893
2020-11-27,8907
2020-11-27,8923
2020-11-27,8966
2020-11-27,8982
2020-11-27,9008
2020-11-27,9059
2020-11-27,9075
2020-11-27,9083
2020-11-27,9091
2020-11-27,9113
2020-11-27,9121
2020-11-27,9148
2020-11-27,9172
2020-11-27,9237
2020-11-27,9261
2020-11-27,9288
2020-11-27,9318
2020-11-27,9326
2020-11-27,9334
2020-11-27,9369
2020-11-27,9377
2020-11-27,9385
2020-11-27,9393
2020-11-27,9407
2020-11-27,9423
2020-11-27,9431
2020-11-27,9466
2020-11-27,9474
2020-11-27,9539
2020-11-27,9571
2020-11-27,9598
2020-11-27,9601
2020-11-27,9628
2020-11-27,9679
2020-11-27,9687
2020-11-27,9695
2020-11-27,9741
2020-11-27,9776
2020-11-27,9792
2020-11-27,9806
2020-11-27,9814
2020-11-27,9822
2020-11-27,9873
2020-11-27,9881
2020-11-27,9946
2020-11-27,9954
2020-11-27,9962
2021-05-28,0001
2021-05-28,0002
2021-05-28,0005
2021-05-28,0006
2021-05-28,0007
2021-05-28,0010
2021-05-28,0011
2021-05-28,0012
2021-05-28,0021
2021-05-28,0022
2021-05-28,0023
2021-05-28,0024
2021-05-28,0025
2021-05-28,0026
2021-05-28,0028
2021-05-28,0034
2021-05-28,0035
2021-05-28,0036
2021-05-28,0038
2021-05-28,0039
2021-05-28,0040
2021-05-28,0041
2021-05-28,0043
2021-05-28,0045
2021-05-28,0048
2021-05-28,0049
2021-05-28,0050
2021-05-28,0051
2021-05-28,0054
2021-05-28,0055
2021-05-28,0056
2021-05-28,0059
2021-05-28,0060
2021-05-28,0065
2021-05-28,0066
2021-05-28,0068
2021-05-28,0069
2021-05-28,0070
2021-05-28,0072
2021-05-28,0074
2021-05-28,0075
2021-05-28,0078
2021-05-28,0079
2021-05-28,0080
2021-05-28,0081
2021-05-28,0083
2021-05-28,0084
2021-05-28,0086
2021-05-28,0089
2021-05-28,0090
2021-05-28,0093
2021-05-28,0094
2021-05-28,0095
2021-05-28,0096
2021-05-28,0097
2021-05-28,0098
2021-05-28,0101
2021-05-28,0102
2021-05-28,0103
2021-05-28,0104
2021-05-28,0105
2021-05-28,0106
2021-05-28,0107
2021-05-28,0109
2021-05-28,0111
2021-05-28,0112
2021-05-28,0113
2021-05-28,0117
2021-05-28,0119
2021-05-28,0120
2021-05-28,0123
2021-05-28,0126
2021-05-28,0127
2021-05-28,0128
2021-05-28,0129
2021-05-28,0132
2021-05-28,0133
2021-05-28,0136
2021-05-28,0138
2021-05-28,0140
2021-05-28,0143
2021-05-28,0145
2021-05-28,0146
2021-05-28,0148
2021-05-28,0151
2021-05-28,0152
2021-05-28,0155
2021-05-28,0156
2021-05-28,0157
2021-05-28,0159
2021-05-28,0160
2021-05-28,0161
2021-05-28,0162
2021-05-28,0163
2021-05-28,0166
2021-05-28,0167
2021-05-28,0168
2021-05-28,0169
2021-05-28,0170
2021-05-28,0172
2021-05-28,0175
2021-05-28,0176
2021-05-28,0177
2021-05-28,0178
2021-05-28,0179
2021-05-28,0181
2021-05-28,0182
2021-05-28,0183
2021-05-28,0185
2021-05-28,0186
2021-05-28,0187
2021-05-28,0188
2021-05-28,0190
2021-05-28,0191
2021-05-28,0192
2021-05-28,0193
2021-05-28,0195
2021-05-28,0196
2021-05-28,0197
2021-05-28,0198
2021-05-28,0199
2021-05-28,0200
2021-05-28,0202
2021-05-28,0203
2021-05-28,0206
2021-05-28,0207
2021-05-28,0208
2021-05-28,0209
2021-05-28,0210
2021-05-28,0211
2021-05-28,0212
2021-05-28,0215
2021-05-28,0216
2021-05-28,0217
2021-05-28,0218
2021-05-28,0219
2021-05-28,0220
2021-05-28,0221
2021-05-28,0222
2021-05-28,0223
2021-05-28,0226
2021-05-28,0227
2021-05-28,0228
2021-05-28,0229
2021-05-28,0230
2021-05-28,0231
2021-05-28,0232
2021-05-28,03001
2021-05-28,03005
2021-05-28,03006
2021-05-28,03008
2021-05-28,03009
2021-05-28,03011
2021-05-28,03012
2021-05-28,03013
2021-05-28,03015
2021-05-28,03016
2021-05-28,03017
2021-05-28,03018
2021-05-28,03019
2021-05-28,03020
2021-05-28,03022
2021-05-28,03023
2021-05-28,03024
2021-05-28,03025
2021-05-28,03026
2021-05-28,03027
2021-05-28,03029
2021-05-28,03033
2021-05-28,03035
2021-05-28,03037
2021-05-28,03040
2021-05-28,03042
2021-05-28,03043
2021-05-28,1007
2021-05-28,1147
2021-05-28,1201
2021-05-28,1287
2021-05-28,1368
2021-05-28,1481
2021-05-28,1538
2021-05-28,1589
2021-05-28,1619
2021-05-28,1651
2021-05-28,1694
2021-05-28,1724
2021-05-28,1818
2021-05-28,1899
2021-05-28,1961
2021-05-28,1996
2021-05-28,2054
2021-05-28,2062
2021-05-28,2089
2021-05-28,2097
2021-05-28,2127
2021-05-28,2135
2021-05-28,2194
2021-05-28,2224
2021-05-28,2259
2021-05-28,2283
2021-05-28,2291
2021-05-28,2305
2021-05-28,2429
2021-05-28,2445
2021-05-28,2542
2021-05-28,2593
2021-05-28,2607
2021-05-28,2658
2021-05-28,2739
2021-05-28,2771
2021-05-28,2828
2021-05-28,2852
2021-05-28,2925
2021-05-28,3026
2021-05-28,3042
2021-05-28,3069
2021-05-28,3107
2021-05-28,3158
2021-05-28,3174
2021-05-28,3204
2021-05-28,3247
2021-05-28,3301
2021-05-28,3336
2021-05-28,3417
2021-05-28,3484
2021-05-28,3557
2021-05-28,3611
2021-05-28,3662
2021-05-28,3689
2021-05-28,3743
2021-05-28,3778
2021-05-28,3794
2021-05-28,3816
2021-05-28,3867
2021-05-28,3883
2021-05-28,3913
2021-05-28,4022
2021-05-28,4057
2021-05-28,4065
2021-05-28,4197
2021-05-28,4235
2021-05-28,4243
2021-05-28,4251
2021-05-28,4286
2021-05-28,4316
2021-05-28,4324
2021-05-28,4375
2021-05-28,4383
2021-05-28,4456
2021-05-28,4464
2021-05-28,4588
2021-05-28,4596
2021-05-28,4634
2021-05-28,4707
2021-05-28,4723
2021-05-28,4731
2021-05-28,4758
2021-05-28,4847
2021-05-28,4863
2021-05-28,4944
2021-05-28,4995
2021-05-28,5001
2021-05-28,5005
2021-05-28,5006
2021-05-28,5007
2021-05-28,5009
2021-05-28,5010
2021-05-28,5011
2021-05-28,5012
2021-05-28,5015
2021-05-28,5016
2021-05-28,5020
2021-05-28,5021
2021-05-28,5022
2021-05-28,5024
2021-05-28,5025
2021-05-28,5026
2021-05-28,5027
2021-05-28,5028
2021-05-28,5029
2021-05-28,5031
2021-05-28,5032
2021-05-28,5035
2021-05-28,5036
2021-05-28,5037
2021-05-28,5038
2021-05-28,5040
2021-05-28,5041
2021-05-28,5042
2021-05-28,5047
2021-05-28,5049
2021-05-28,5054
2021-05-28,5056
2021-05-28,5062
2021-05-28,5065
2021-05-28,5068
2021-05-28,5069
2021-05-28,5070
2021-05-28,5072
2021-05-28,5073
2021-05-28,5075
2021-05-28,5079
2021-05-28,5080
2021-05-28,5081
2021-05-28,5082
2021-05-28,5084
2021-05-28,5087
2021-05-28,5090
2021-05-28,5094
2021-05-28,5095
2021-05-28,5098
2021-05-28,5099
2021-05-28,5100
2021-05-28,5101
2021-05-28,5102
2021-05-28,5104
2021-05-28,5107
2021-05-28,5112
2021-05-28,5113
2021-05-28,5115
2021-05-28,5125
2021-05-28,5126
2021-05-28,5129
2021-05-28,5131
2021-05-28,5132
2021-05-28,5133
2021-05-28,5134
2021-05-28,5135
2021-05-28,5138
2021-05-28,5141
2021-05-28,5142
2021-05-28,5143
2021-05-28,5145
2021-05-28,5148
2021-05-28,5151
2021-05-28,5152
2021-05-28,5157
2021-05-28,5159
2021-05-28,5160
2021-05-28,5161
2021-05-28,5162
2021-05-28,5165
2021-05-28,5166
2021-05-28,5168
2021-05-28,5169
2021-05-28,5170
2021-05-28,5171
2021-05-28,5173
2021-05-28,5175
2021-05-28,5178
2021-05-28,5182
2021-05-28,5183
2021-05-28,5184
2021-05-28,5186
2021-05-28,5191
2021-05-28,5192
2021-05-28,5195
2021-05-28,5196
2021-05-28,5198
2021-05-28,5199
2021-05-28,5200
2021-05-28,5202
2021-05-28,5204
2021-05-28,5205
2021-05-28,5207
2021-05-28,5208
2021-05-28,5209
2021-05-28,5211
2021-05-28,5216
2021-05-28,5218
2021-05-28,5219
2021-05-28,5220
2021-05-28,5222
2021-05-28,5223
2021-05-28,5225
2021-05-28,5226
2021-05-28,5231
2021-05-28,5236
2021-05-28,5238
2021-05-28,5239
2021-05-28,5242
2021-05-28,5243
2021-05-28,5246
2021-05-28,5247
2021-05-28,5248
2021-05-28,5249
2021-05-28,5252
2021-05-28,5253
2021-05-28,5254
2021-05-28,5255
2021-05-28,5256
2021-05-28,5257
2021-05-28,5258
2021-05-28,5259
2021-05-28,5260
2021-05-28,5263
2021-05-28,5264
2021-05-28,5265
2021-05-28,5267
2021-05-28,5268
2021-05-28,5271
2021-05-28,5272
2021-05-28,5273
2021-05-28,5276
2021-05-28,5277
2021-05-28,5279
2021-05-28,5281
2021-05-28,5283
2021-05-28,5284
2021-05-28,5285
2021-05-28,5286
2021-05-28,5288
2021-05-28,5291
2021-05-28,5292
2021-05-28,5293
2021-05-28,5295
2021-05-28,5296
2021-05-28,5297
2021-05-28,5347
2021-05-28,5371
2021-05-28,5398
2021-05-28,5401
2021-05-28,5436
2021-05-28,5533
2021-05-28,5568
2021-05-28,5576
2021-05-28,5614
2021-05-28,5622
2021-05-28,5649
2021-05-28,5657
2021-05-28,5673
2021-05-28,5681
2021-05-28,5703
2021-05-28,5738
2021-05-28,5789
2021-05-28,5797
2021-05-28,5827
2021-05-28,5843
2021-05-28,5878
2021-05-28,5908
2021-05-28,5932
2021-05-28,5983
2021-05-28,6012
2021-05-28,6033
2021-05-28,6068
2021-05-28,6076
2021-05-28,6084
2021-05-28,6114
2021-05-28,6139
2021-05-28,6173
2021-05-28,6181
2021-05-28,6211
2021-05-28,6238
2021-05-28,6254
2021-05-28,6262
2021-05-28,6351
2021-05-28,6432
2021-05-28,6491
2021-05-28,6521
2021-05-28,6548
2021-05-28,6556
2021-05-28,6599
2021-05-28,6602
2021-05-28,6637
2021-05-28,6645
2021-05-28,6718
2021-05-28,6769
2021-05-28,6807
2021-05-28,6815
2021-05-28,6874
2021-05-28,6888
2021-05-28,6912
2021-05-28,6939
2021-05-28,6947
2021-05-28,6963
2021-05-28,6971
2021-05-28,6998
2021-05-28,7003
2021-05-28,7004
2021-05-28,7005
2021-05-28,7006
2021-05-28,7007
2021-05-28,7010
2021-05-28,7013
2021-05-28,7014
2021-05-28,7016
2021-05-28,7017
2021-05-28,7018
2021-05-28,7020
2021-05-28,7022
2021-05-28,7025
2021-05-28,7028
2021-05-28,7029
2021-05-28,7031
2021-05-28,7033
2021-05-28,7034
2021-05-28,7035
2021-05-28,7036
2021-05-28,7043
2021-05-28,7045
2021-05-28,7047
2021-05-28,7050
2021-05-28,7052
2021-05-28,7053
2021-05-28,7054
2021-05-28,7055
2021-05-28,7060
2021-05-28,7062
2021-05-28,7066
2021-05-28,7070
2021-05-28,7071
2021-05-28,7073
2021-05-28,7076
2021-05-28,7077
2021-05-28,7078
2021-05-28,7079
2021-05-28,7080
2021-05-28,7081
2021-05-28,7082
2021-05-28,7084
2021-05-28,7085
2021-05-28,7086
2021-05-28,7087
2021-05-28,7089
2021-05-28,7090
2021-05-28,7091
2021-05-28,7094
2021-05-28,7095
2021-05-28,7097
2021-05-28,7099
2021-05-28,7100
2021-05-28,7103
2021-05-28,7105
2021-05-28,7106
2021-05-28,7107
2021-05-28,7108
2021-05-28,7113
2021-05-28,7114
2021-05-28,7115
2021-05-28,7117
2021-05-28,7120
2021-05-28,7121
2021-05-28,7123
2021-05-28,7128
2021-05-28,7129
2021-05-28,7130
2021-05-28,7131
2021-05-28,7132
2021-05-28,7133
2021-05-28,7134
2021-05-28,7137
2021-05-28,7139
2021-05-28,7140
2021-05-28,7145
2021-05-28,7146
2021-05-28,7148
2021-05-28,7149
2021-05-28,7152
2021-05-28,7153
2021-05-28,7154
2021-05-28,7155
2021-05-28,7157
2021-05-28,7160
2021-05-28,7161
2021-05-28,7162
2021-05-28,7163
2021-05-28,7167
2021-05-28,7168
2021-05-28,7169
2021-05-28,7170
2021-05-28,7172
2021-05-28,7173
2021-05-28,7174
2021-05-28,7176
2021-05-28,7178
2021-05-28,7179
2021-05-28,7180
2021-05-28,7181
2021-05-28,7182
2021-05-28,7183
2021-05-28,7186
2021-05-28,7187
2021-05-28,7188
2021-05-28,7190
2021-05-28,7191
2021-05-28,7192
2021-05-28,7197
2021-05-28,7198
2021-05-28,7199
2021-05-28,7200
2021-05-28,7201
2021-05-28,7202
2021-05-28,7204
2021-05-28,7205
2021-05-28,7206
2021-05-28,7207
2021-05-28,7208
2021-05-28,7209
2021-05-28,7210
2021-05-28,7211
2021-05-28,7212
2021-05-28,7214
2021-05-28,7215
2021-05-28,7216
2021-05-28,7217
2021-05-28,7218
2021-05-28,7219
2021-05-28,7221
2021-05-28,7222
2021-05-28,7223
2021-05-28,7225
2021-05-28,7226
2021-05-28,7227
2021-05-28,7229
2021-05-28,7231
2021-05-28,7232
2021-05-28,7233
2021-05-28,7234
2021-05-28,7235
2021-05-28,7237
2021-05-28,7239
2021-05-28,7240
2021-05-28,7241
2021-05-28,7245
2021-05-28,7246
2021-05-28,7247
2021-05-28,7248
2021-05-28,7249
2021-05-28,7250
2021-05-28,7251
2021-05-28,7252
2021-05-28,7253
2021-05-28,7277
2021-05-28,7285
2021-05-28,7293
2021-05-28,7315
2021-05-28,7323
2021-05-28,7382
2021-05-28,7412
2021-05-28,7471
2021-05-28,7498
2021-05-28,7501
2021-05-28,7528
2021-05-28,7544
2021-05-28,7579
2021-05-28,7595
2021-05-28,7609
2021-05-28,7617
2021-05-28,7676
2021-05-28,7722
2021-05-28,7757
2021-05-28,7773
2021-05-28,7803
2021-05-28,7811
2021-05-28,7854
2021-05-28,7889
2021-05-28,7935
2021-05-28,7943
2021-05-28,8044
2021-05-28,8052
2021-05-28,8079
2021-05-28,8117
2021-05-28,8125
2021-05-28,8133
2021-05-28,8141
2021-05-28,8176
2021-05-28,8192
2021-05-28,8206
2021-05-28,8273
2021-05-28,8303
2021-05-28,8311
2021-05-28,8338
2021-05-28,8362
2021-05-28,8419
2021-05-28,8435
2021-05-28,8443
2021-05-28,8478
2021-05-28,8486
2021-05-28,8494
2021-05-28,8524
2021-05-28,8567
2021-05-28,8583
2021-05-28,8591
2021-05-28,8605
2021-05-28,8613
2021-05-28,8664
2021-05-28,8672
2021-05-28,8745
2021-05-28,8761
2021-05-28,8834
2021-05-28,8869
2021-05-28,8877
2021-05-28,8885
2021-05-28,8893
2021-05-28,8907
2021-05-28,8923
2021-05-28,8966
2021-05-28,8982
2021-05-28,9008
2021-05-28,9059
2021-05-28,9075
2021-05-28,9083
2021-05-28,9091
2021-05-28,9113
2021-05-28,9121
2021-05-28,9148
2021-05-28,9172
2021-05-28,9237
2021-05-28,9261
2021-05-28,9288
2021-05-28,9318
2021-05-28,9326
2021-05-28,9334
2021-05-28,9342
2021-05-28,9369
2021-05-28,9377
2021-05-28,9385
2021-05-28,9393
2021-05-28,9407
2021-05-28,9423
2021-05-28,9431
2021-05-28,9466
2021-05-28,9474
2021-05-28,9539
2021-05-28,9571
2021-05-28,9598
2021-05-28,9601
2021-05-28,9628
2021-05-28,9679
2021-05-28,9687
2021-05-28,9695
2021-05-28,9741
2021-05-28,9776
2021-05-28,9792
2021-05-28,9806
2021-05-28,9814
2021-05-28,9822
2021-05-28,9873
2021-05-28,9881
2021-05-28,9946
2021-05-28,9954
2021-05-28,9962
2022-05-27,0001
2022-05-27,0002
2022-05-27,0005
2022-05-27,0007
2022-05-27,0010
2022-05-27,0011
2022-05-27,0012
2022-05-27,0017
2022-05-27,0021
2022-05-27,0023
2022-05-27,0024
2022-05-27,0025
2022-05-27,0026
2022-05-27,0028
2022-05-27,0032
2022-05-27,0034
2022-05-27,0035
2022-05-27,0036
2022-05-27,0038
2022-05-27,0039
2022-05-27,0040
2022-05-27,0041
2022-05-27,0043
2022-05-27,0048
2022-05-27,0049
2022-05-27,0050
2022-05-27,0051
2022-05-27,0054
2022-05-27,0055
2022-05-27,0056
2022-05-27,0059
2022-05-27,0060
2022-05-27,0065
2022-05-27,0068
2022-05-27,0069
2022-05-27,0070
2022-05-27,0072
2022-05-27,0075
2022-05-27,0078
2022-05-27,0079
2022-05-27,0080
2022-05-27,0081
2022-05-27,0082
2022-05-27,0083
2022-05-27,0086
2022-05-27,0089
2022-05-27,0090
2022-05-27,0091
2022-05-27,0093
2022-05-27,0094
2022-05-27,0096
2022-05-27,0097
2022-05-27,0098
2022-05-27,0100
2022-05-27,0101
2022-05-27,0102
2022-05-27,0103
2022-05-27,0104
2022-05-27,0105
2022-05-27,0107
2022-05-27,0109
2022-05-27,0111
2022-05-27,0112
2022-05-27,0113
2022-05-27,0117
2022-05-27,0118
2022-05-27,0120
2022-05-27,0122
2022-05-27,0123
2022-05-27,0126
2022-05-27,0127
2022-05-27,0128
2022-05-27,0136
2022-05-27,0138
2022-05-27,0151
2022-05-27,0155
2022-05-27,0156
2022-05-27,0157
2022-05-27,0159
2022-05-27,0160
2022-05-27,0161
2022-05-27,0162
2022-05-27,0163
2022-05-27,0166
2022-05-27,0167
2022-05-27,0168
2022-05-27,0169
2022-05-27,0170
2022-05-27,0172
2022-05-27,0175
2022-05-27,0176
2022-05-27,0177
2022-05-27,0178
2022-05-27,0179
2022-05-27,0181
2022-05-27,0182
2022-05-27,0183
2022-05-27,0185
2022-05-27,0186
2022-05-27,0190
2022-05-27,0191
2022-05-27,0192
2022-05-27,0193
2022-05-27,0195
2022-05-27,0196
2022-05-27,0197
2022-05-27,0198
2022-05-27,0199
2022-05-27,0201
2022-05-27,0202
2022-05-27,0203
2022-05-27,0206
2022-05-27,0207
2022-05-27,0208
2022-05-27,0209
2022-05-27,0210
2022-05-27,0211
2022-05-27,0212
2022-05-27,0213
2022-05-27,0215
2022-05-27,0216
2022-05-27,0217
2022-05-27,0218
2022-05-27,0219
2022-05-27,0220
2022-05-27,0221
2022-05-27,0222
2022-05-27,0223
2022-05-27,0225
2022-05-27,0226
2022-05-27,0228
2022-05-27,0229
2022-05-27,0230
2022-05-27,0231
2022-05-27,0232
2022-05-27,0233
2022-05-27,0235
2022-05-27,0237
2022-05-27,0238
2022-05-27,0239
2022-05-27,0240
2022-05-27,0241
2022-05-27,0243
2022-05-27,0245
2022-05-27,03001
2022-05-27,03005
2022-05-27,03006
2022-05-27,03008
2022-05-27,03009
2022-05-27,03011
2022-05-27,03012
2022-05-27,03013
2022-05-27,03015
2022-05-27,03016
2022-05-27,03017
2022-05-27,03018
2022-05-27,03019
2022-05-27,03020
2022-05-27,03022
2022-05-27,03023
2022-05-27,03024
2022-05-27,03025
2022-05-27,03026
2022-05-27,03027
2022-05-27,03028
2022-05-27,03029
2022-05-27,03031
2022-05-27,03033
2022-05-27,03037
2022-05-27,03038
2022-05-27,03039
2022-05-27,03040
2022-05-27,03042
2022-05-27,03043
2022-05-27,03047
2022-05-27,03048
2022-05-27,03050
2022-05-27,03051
2022-05-27,03052
2022-05-27,1147
2022-05-27,1287
2022-05-27,1368
2022-05-27,1481
2022-05-27,1503
2022-05-27,1538
2022-05-27,1589
2022-05-27,1619
2022-05-27,1651
2022-05-27,1694
2022-05-27,1724
2022-05-27,1818
2022-05-27,1899
2022-05-27,1961
2022-05-27,1996
2022-05-27,2054
2022-05-27,2062
2022-05-27,2089
2022-05-27,2097
2022-05-27,2127
2022-05-27,2135
2022-05-27,2224
2022-05-27,2259
2022-05-27,2283
2022-05-27,2291
2022-05-27,2305
2022-05-27,2429
2022-05-27,2445
2022-05-27,2542
2022-05-27,2593
2022-05-27,2607
2022-05-27,2658
2022-05-27,2682
2022-05-27,2739
2022-05-27,2771
2022-05-27,2828
2022-05-27,2852
2022-05-27,3026
2022-05-27,3042
2022-05-27,3069
2022-05-27,3107
2022-05-27,3158
2022-05-27,3174
2022-05-27,3204
2022-05-27,3247
2022-05-27,3301
2022-05-27,3336
2022-05-27,3417
2022-05-27,3484
2022-05-27,3557
2022-05-27,3611
2022-05-27,3662
2022-05-27,3689
2022-05-27,3743
2022-05-27,3778
2022-05-27,3794
2022-05-27,3816
2022-05-27,3867
2022-05-27,3883
2022-05-27,3913
2022-05-27,4022
2022-05-27,4065
2022-05-27,4197
2022-05-27,4235
2022-05-27,4243
2022-05-27,4286
2022-05-27,4316
2022-05-27,4324
2022-05-27,4359
2022-05-27,4375
2022-05-27,4383
2022-05-27,4405
2022-05-27,4456
2022-05-27,4464
2022-05-27,4588
2022-05-27,4596
2022-05-27,4634
2022-05-27,4707
2022-05-27,4723
2022-05-27,4731
2022-05-27,4758
2022-05-27,4863
2022-05-27,4944
2022-05-27,4995
2022-05-27,5001
2022-05-27,5005
2022-05-27,5006
2022-05-27,5007
2022-05-27,5009
2022-05-27,5010
2022-05-27,5011
2022-05-27,5012
2022-05-27,5015
2022-05-27,5016
2022-05-27,5020
2022-05-27,5021
2022-05-27,5022
2022-05-27,5024
2022-05-27,5025
2022-05-27,5026
2022-05-27,5027
2022-05-27,5028
2022-05-27,5029
2022-05-27,5031
2022-05-27,5032
2022-05-27,5036
2022-05-27,5037
2022-05-27,5038
2022-05-27,5040
2022-05-27,5041
2022-05-27,5042
2022-05-27,5047
2022-05-27,5048
2022-05-27,5049
2022-05-27,5054
2022-05-27,5056
2022-05-27,5062
2022-05-27,5066
2022-05-27,5069
2022-05-27,5070
2022-05-27,5072
2022-05-27,5073
2022-05-27,5075
2022-05-27,5079
2022-05-27,5080
2022-05-27,5081
2022-05-27,5082
2022-05-27,5084
2022-05-27,5087
2022-05-27,5090
2022-05-27,5094
2022-05-27,5095
2022-05-27,5098
2022-05-27,5099
2022-05-27,5100
2022-05-27,5101
2022-05-27,5102
2022-05-27,5104
2022-05-27,5107
2022-05-27,5112
2022-05-27,5113
2022-05-27,5115
2022-05-27,5125
2022-05-27,5126
2022-05-27,5129
2022-05-27,5131
2022-05-27,5133
2022-05-27,5134
2022-05-27,5135
2022-05-27,5138
2022-05-27,5140
2022-05-27,5141
2022-05-27,5142
2022-05-27,5143
2022-05-27,5145
2022-05-27,5148
2022-05-27,5149
2022-05-27,5151
2022-05-27,5152
2022-05-27,5157
2022-05-27,5160
2022-05-27,5161
2022-05-27,5162
2022-05-27,5163
2022-05-27,5165
2022-05-27,5166
2022-05-27,5168
2022-05-27,5169
2022-05-27,5170
2022-05-27,5171
2022-05-27,5173
2022-05-27,5175
2022-05-27,5178
2022-05-27,5182
2022-05-27,5183
2022-05-27,5184
2022-05-27,5186
2022-05-27,5190
2022-05-27,5191
2022-05-27,5192
2022-05-27,5195
2022-05-27,5196
2022-05-27,5198
2022-05-27,5199
2022-05-27,5200
2022-05-27,5202
2022-05-27,5204
2022-05-27,5205
2022-05-27,5207
2022-05-27,5208
2022-05-27,5209
2022-05-27,5211
2022-05-27,5216
2022-05-27,5218
2022-05-27,5219
2022-05-27,5220
2022-05-27,5222
2022-05-27,5223
2022-05-27,5225
2022-05-27,5226
2022-05-27,5231
2022-05-27,5232
2022-05-27,5236
2022-05-27,5238
2022-05-27,5239
2022-05-27,5242
2022-05-27,5243
2022-05-27,5246
2022-05-27,5247
2022-05-27,5248
2022-05-27,5249
2022-05-27,5252
2022-05-27,5253
2022-05-27,5254
2022-05-27,5255
2022-05-27,5257
2022-05-27,5258
2022-05-27,5259
2022-05-27,5260
2022-05-27,5263
2022-05-27,5264
2022-05-27,5267
2022-05-27,5268
2022-05-27,5271
2022-05-27,5272
2022-05-27,5273
2022-05-27,5276
2022-05-27,5277
2022-05-27,5279
2022-05-27,5281
2022-05-27,5283
2022-05-27,5284
2022-05-27,5285
2022-05-27,5286
2022-05-27,5288
2022-05-27,5289
2022-05-27,5291
2022-05-27,5292
2022-05-27,5293
2022-05-27,5295
2022-05-27,5296
2022-05-27,5297
2022-05-27,5298
2022-05-27,5301
2022-05-27,5302
2022-05-27,5303
2022-05-27,5305
2022-05-27,5306
2022-05-27,5347
2022-05-27,5371
2022-05-27,5398
2022-05-27,5401
2022-05-27,5436
2022-05-27,5533
2022-05-27,5568
2022-05-27,5576
2022-05-27,5622
2022-05-27,5649
2022-05-27,5657
2022-05-27,5673
2022-05-27,5681
2022-05-27,5703
2022-05-27,5738
2022-05-27,5789
2022-05-27,5797
2022-05-27,5827
2022-05-27,5843
2022-05-27,5878
2022-05-27,5908
2022-05-27,5932
2022-05-27,5983
2022-05-27,6012
2022-05-27,6017
2022-05-27,6033
2022-05-27,6041
2022-05-27,6068
2022-05-27,6076
2022-05-27,6084
2022-05-27,6114
2022-05-27,6139
2022-05-27,6173
2022-05-27,6181
2022-05-27,6211
2022-05-27,6238
2022-05-27,6254
2022-05-27,6262
2022-05-27,6351
2022-05-27,6432
2022-05-27,6491
2022-05-27,6521
2022-05-27,6548
2022-05-27,6556
2022-05-27,6599
2022-05-27,6602
2022-05-27,6637
2022-05-27,6645
2022-05-27,6718
2022-05-27,6769
2022-05-27,6807
2022-05-27,6815
2022-05-27,6874
2022-05-27,6888
2022-05-27,6912
2022-05-27,6939
2022-05-27,6947
2022-05-27,6963
2022-05-27,6971
2022-05-27,6998
2022-05-27,7003
2022-05-27,7004
2022-05-27,7005
2022-05-27,7006
2022-05-27,7007
2022-05-27,7010
2022-05-27,7013
2022-05-27,7014
2022-05-27,7016
2022-05-27,7017
2022-05-27,7018
2022-05-27,7020
2022-05-27,7022
2022-05-27,7025
2022-05-27,7028
2022-05-27,7029
2022-05-27,7031
2022-05-27,7033
2022-05-27,7034
2022-05-27,7035
2022-05-27,7036
2022-05-27,7043
2022-05-27,7047
2022-05-27,7050
2022-05-27,7052
2022-05-27,7053
2022-05-27,7054
2022-05-27,7055
2022-05-27,7060
2022-05-27,7062
2022-05-27,7066
2022-05-27,7070
2022-05-27,7071
2022-05-27,7073
2022-05-27,7076
2022-05-27,7077
2022-05-27,7078
2022-05-27,7079
2022-05-27,7080
2022-05-27,7081
2022-05-27,7082
2022-05-27,7084
2022-05-27,7085
2022-05-27,7086
2022-05-27,7087
2022-05-27,7088
2022-05-27,7089
2022-05-27,7090
2022-05-27,7091
2022-05-27,7094
2022-05-27,7095
2022-05-27,7099
2022-05-27,7100
2022-05-27,7103
2022-05-27,7105
2022-05-27,7106
2022-05-27,7107
2022-05-27,7108
2022-05-27,7113
2022-05-27,7114
2022-05-27,7115
2022-05-27,7117
2022-05-27,7120
2022-05-27,7121
2022-05-27,7123
2022-05-27,7128
2022-05-27,7130
2022-05-27,7131
2022-05-27,7132
2022-05-27,7133
2022-05-27,7134
2022-05-27,7137
2022-05-27,7139
2022-05-27,7140
2022-05-27,7145
2022-05-27,7146
2022-05-27,7148
2022-05-27,7149
2022-05-27,7152
2022-05-27,7153
2022-05-27,7154
2022-05-27,7155
2022-05-27,7157
2022-05-27,7158
2022-05-27,7160
2022-05-27,7161
2022-05-27,7162
2022-05-27,7163
2022-05-27,7164
2022-05-27,7167
2022-05-27,7169
2022-05-27,7170
2022-05-27,7172
2022-05-27,7173
2022-05-27,7174
2022-05-27,7176
2022-05-27,7178
2022-05-27,7179
2022-05-27,7180
2022-05-27,7181
2022-05-27,7183
2022-05-27,7186
2022-05-27,7187
2022-05-27,7188
2022-05-27,7191
2022-05-27,7192
2022-05-27,7198
2022-05-27,7199
2022-05-27,7200
2022-05-27,7201
2022-05-27,7202
2022-05-27,7203
2022-05-27,7204
2022-05-27,7205
2022-05-27,7206
2022-05-27,7207
2022-05-27,7208
2022-05-27,7210
2022-05-27,7211
2022-05-27,7212
2022-05-27,7214
2022-05-27,7215
2022-05-27,7216
2022-05-27,7217
2022-05-27,7218
2022-05-27,7219
2022-05-27,7221
2022-05-27,7222
2022-05-27,7223
2022-05-27,7225
2022-05-27,7226
2022-05-27,7227
2022-05-27,7229
2022-05-27,7231
2022-05-27,7232
2022-05-27,7233
2022-05-27,7234
2022-05-27,7235
2022-05-27,7237
2022-05-27,7239
2022-05-27,7240
2022-05-27,7241
2022-05-27,7245
2022-05-27,7246
2022-05-27,7247
2022-05-27,7248
2022-05-27,7249
2022-05-27,7250
2022-05-27,7251
2022-05-27,7253
2022-05-27,7277
2022-05-27,7285
2022-05-27,7315
2022-05-27,7323
2022-05-27,7382
2022-05-27,7412
2022-05-27,7471
2022-05-27,7498
2022-05-27,7501
2022-05-27,7528
2022-05-27,7544
2022-05-27,7579
2022-05-27,7595
2022-05-27,7609
2022-05-27,7617
2022-05-27,7676
2022-05-27,7722
2022-05-27,7757
2022-05-27,7773
2022-05-27,7811
2022-05-27,7854
2022-05-27,7889
2022-05-27,7935
2022-05-27,7943
2022-05-27,8044
2022-05-27,8052
2022-05-27,8079
2022-05-27,8117
2022-05-27,8125
2022-05-27,8133
2022-05-27,8141
2022-05-27,8176
2022-05-27,8192
2022-05-27,8206
2022-05-27,8273
2022-05-27,8303
2022-05-27,8311
2022-05-27,8338
2022-05-27,8362
2022-05-27,8397
2022-05-27,8435
2022-05-27,8443
2022-05-27,8478
2022-05-27,8486
2022-05-27,8524
2022-05-27,8567
2022-05-27,8583
2022-05-27,8591
2022-05-27,8605
2022-05-27,8613
2022-05-27,8664
2022-05-27,8672
2022-05-27,8702
2022-05-27,8745
2022-05-27,8834
2022-05-27,8869
2022-05-27,8877
2022-05-27,8885
2022-05-27,8893
2022-05-27,8907
2022-05-27,8923
2022-05-27,8966
2022-05-27,8982
2022-05-27,9008
2022-05-27,9059
2022-05-27,9075
2022-05-27,9083
2022-05-27,9091
2022-05-27,9113
2022-05-27,9121
2022-05-27,9148
2022-05-27,9172
2022-05-27,9199
2022-05-27,9237
2022-05-27,9261
2022-05-27,9288
2022-05-27,9296
2022-05-27,9318
2022-05-27,9326
2022-05-27,9334
2022-05-27,9342
2022-05-27,9369
2022-05-27,9377
2022-05-27,9385
2022-05-27,9393
2022-05-27,9407
2022-05-27,9423
2022-05-27,9431
2022-05-27,9466
2022-05-27,9474
2022-05-27,9539
2022-05-27,9571
2022-05-27,9598
2022-05-27,9601
2022-05-27,9628
2022-05-27,9679
2022-05-27,9687
2022-05-27,9695
2022-05-27,9741
2022-05-27,9776
2022-05-27,9792
2022-05-27,9814
2022-05-27,9822
2022-05-27,9873
2022-05-27,9881
2022-05-27,9946
2022-05-27,9954
2022-05-27,9962
2022-05-27,9997
2024-11-29,0001
2024-11-29,0002
2024-11-29,0005
2024-11-29,0007
2024-11-29,0008
2024-11-29,0010
2024-11-29,0011
2024-11-29,0012
2024-11-29,0017
2024-11-29,0022
2024-11-29,0023
2024-11-29,0024
2024-11-29,0025
2024-11-29,0026
2024-11-29,0028
2024-11-29,0032
2024-11-29,0034
2024-11-29,0035
2024-11-29,0036
2024-11-29,0038
2024-11-29,0039
2024-11-29,0040
2024-11-29,0043
2024-11-29,0045
2024-11-29,0048
2024-11-29,0049
2024-11-29,0050
2024-11-29,0051
2024-11-29,0054
2024-11-29,0055
2024-11-29,0056
2024-11-29,0059
2024-11-29,0065
2024-11-29,0066
2024-11-29,0068
2024-11-29,0069
2024-11-29,0070
2024-11-29,0072
2024-11-29,0075
2024-11-29,0078
2024-11-29,0079
2024-11-29,0080
2024-11-29,0081
2024-11-29,0082
2024-11-29,0083
2024-11-29,0084
2024-11-29,0086
2024-11-29,0089
2024-11-29,0091
2024-11-29,0093
2024-11-29,0094
2024-11-29,0095
2024-11-29,0096
2024-11-29,0097
2024-11-29,0098
2024-11-29,0100
2024-11-29,0101
2024-11-29,0102
2024-11-29,0104
2024-11-29,0105
2024-11-29,0107
2024-11-29,0109
2024-11-29,0111
2024-11-29,0112
2024-11-29,0113
2024-11-29,0117
2024-11-29,0118
2024-11-29,0123
2024-11-29,0126
2024-11-29,0127
2024-11-29,0128
2024-11-29,0129
2024-11-29,0132
2024-11-29,0136
2024-11-29,0138
2024-11-29,0143
2024-11-29,0146
2024-11-29,0151
2024-11-29,0155
2024-11-29,0156
2024-11-29,0157
2024-11-29,0158
2024-11-29,0159
2024-11-29,0160
2024-11-29,0161
2024-11-29,0162
2024-11-29,0163
2024-11-29,0165
2024-11-29,0166
2024-11-29,0167
2024-11-29,0168
2024-11-29,0170
2024-11-29,0172
2024-11-29,0174
2024-11-29,0175
2024-11-29,0176
2024-11-29,0177
2024-11-29,0178
2024-11-29,0179
2024-11-29,0180
2024-11-29,0181
2024-11-29,0182
2024-11-29,0183
2024-11-29,0185
2024-11-29,0186
2024-11-29,0187
2024-11-29,0188
2024-11-29,0190
2024-11-29,0191
2024-11-29,0192
2024-11-29,0193
2024-11-29,0195
2024-11-29,0196
2024-11-29,0197
2024-11-29,0198
2024-11-29,0200
2024-11-29,0201
2024-11-29,0202
2024-11-29,0206
2024-11-29,0207
2024-11-29,0208
2024-11-29,0210
2024-11-29,0211
2024-11-29,0212
2024-11-29,0213
2024-11-29,0215
2024-11-29,0216
2024-11-29,0218
2024-11-29,0219
2024-11-29,0220
2024-11-29,0221
2024-11-29,0222
2024-11-29,0223
2024-11-29,0225
2024-11-29,0226
2024-11-29,0227
2024-11-29,0228
2024-11-29,0229
2024-11-29,0230
2024-11-29,0231
2024-11-29,0232
2024-11-29,0233
2024-11-29,0235
2024-11-29,0236
2024-11-29,0237
2024-11-29,0238
2024-11-29,0239
2024-11-29,0240
2024-11-29,0241
2024-11-29,0243
2024-11-29,0245
2024-11-29,0246
2024-11-29,0248
2024-11-29,0249
2024-11-29,0250
2024-11-29,0251
2024-11-29,0252
2024-11-29,0253
2024-11-29,0255
2024-11-29,0256
2024-11-29,0257
2024-11-29,0258
2024-11-29,0259
2024-11-29,0260
2024-11-29,0261
2024-11-29,0262
2024-11-29,0263
2024-11-29,0265
2024-11-29,0266
2024-11-29,0267
2024-11-29,0268
2024-11-29,0269
2024-11-29,0270
2024-11-29,0271
2024-11-29,0272
2024-11-29,0273
2024-11-29,0275
2024-11-29,0277
2024-11-29,0278
2024-11-29,0279
2024-11-29,0281
2024-11-29,0282
2024-11-29,0284
2024-11-29,0287
2024-11-29,0288
2024-11-29,0289
2024-11-29,0290
2024-11-29,0291
2024-11-29,0292
2024-11-29,0293
2024-11-29,0295
2024-11-29,0296
2024-11-29,0297
2024-11-29,0298
2024-11-29,0299
2024-11-29,0300
2024-11-29,03001
2024-11-29,03006
2024-11-29,03009
2024-11-29,0301
2024-11-29,03011
2024-11-29,03012
2024-11-29,03013
2024-11-29,03015
2024-11-29,03016
2024-11-29,03017
2024-11-29,03018
2024-11-29,03019
2024-11-29,0302
2024-11-29,03021
2024-11-29,03023
2024-11-29,03024
2024-11-29,03025
2024-11-29,03026
2024-11-29,03027
2024-11-29,03028
2024-11-29,03029
2024-11-29,03031
2024-11-29,03033
2024-11-29,03037
2024-11-29,03038
2024-11-29,03039
2024-11-29,0304
2024-11-29,03040
2024-11-29,03042
2024-11-29,03043
2024-11-29,03047
2024-11-29,03048
2024-11-29,0305
2024-11-29,03050
2024-11-29,03051
2024-11-29,03052
2024-11-29,03055
2024-11-29,03057
2024-11-29,0306
2024-11-29,0307
2024-11-29,0308
2024-11-29,0309
2024-11-29,0310
2024-11-29,0311
2024-11-29,0312
2024-11-29,0313
2024-11-29,0316
2024-11-29,0317
2024-11-29,0318
2024-11-29,0319
2024-11-29,0320
2024-11-29,0321
2024-11-29,0322
2024-11-29,0323
2024-11-29,0325
2024-11-29,0326
2024-11-29,0327
2024-11-29,0328
2024-11-29,0329
2024-11-29,1147
2024-11-29,1171
2024-11-29,1287
2024-11-29,1368
2024-11-29,1481
2024-11-29,1503
2024-11-29,1538
2024-11-29,1589
2024-11-29,1619
2024-11-29,1651
2024-11-29,1694
2024-11-29,1724
2024-11-29,1818
2024-11-29,1899
2024-11-29,1961
2024-11-29,1996
2024-11-29,2054
2024-11-29,2089
2024-11-29,2097
2024-11-29,2127
2024-11-29,2224
2024-11-29,2259
2024-11-29,2283
2024-11-29,2291
2024-11-29,2305
2024-11-29,2429
2024-11-29,2445
2024-11-29,2542
2024-11-29,2593
2024-11-29,2607
2024-11-29,2658
2024-11-29,2674
2024-11-29,2682
2024-11-29,2739
2024-11-29,2828
2024-11-29,2852
2024-11-29,3026
2024-11-29,3042
2024-11-29,3069
2024-11-29,3107
2024-11-29,3158
2024-11-29,3174
2024-11-29,3247
2024-11-29,3301
2024-11-29,3336
2024-11-29,3417
2024-11-29,3557
2024-11-29,3611
2024-11-29,3662
2024-11-29,3689
2024-11-29,3743
2024-11-29,3778
2024-11-29,3794
2024-11-29,3816
2024-11-29,3867
2024-11-29,3883
2024-11-29,3913
2024-11-29,4022
2024-11-29,4057
2024-11-29,4065
2024-11-29,4081
2024-11-29,4197
2024-11-29,4235
2024-11-29,4243
2024-11-29,4251
2024-11-29,4286
2024-11-29,4316
2024-11-29,4324
2024-11-29,4359
2024-11-29,4375
2024-11-29,4383
2024-11-29,4405
2024-11-29,4456
2024-11-29,4596
2024-11-29,4634
2024-11-29,4707
2024-11-29,4723
2024-11-29,4731
2024-11-29,4758
2024-11-29,4847
2024-11-29,4863
2024-11-29,4995
2024-11-29,5000
2024-11-29,5001
2024-11-29,5005
2024-11-29,5006
2024-11-29,5007
2024-11-29,5009
2024-11-29,5010
2024-11-29,5011
2024-11-29,5012
2024-11-29,5015
2024-11-29,5020
2024-11-29,5021
2024-11-29,5022
2024-11-29,5024
2024-11-29,5026
2024-11-29,5027
2024-11-29,5028
2024-11-29,5029
2024-11-29,5031
2024-11-29,5032
2024-11-29,5035
2024-11-29,5036
2024-11-29,5037
2024-11-29,5038
2024-11-29,5040
2024-11-29,5041
2024-11-29,5042
2024-11-29,5047
2024-11-29,5048
2024-11-29,5049
2024-11-29,5056
2024-11-29,5062
2024-11-29,5065
2024-11-29,5066
2024-11-29,5068
2024-11-29,5069
2024-11-29,5070
2024-11-29,5072
2024-11-29,5073
2024-11-29,5075
2024-11-29,5078
2024-11-29,5079
2024-11-29,5080
2024-11-29,5081
2024-11-29,5082
2024-11-29,5084
2024-11-29,5085
2024-11-29,5087
2024-11-29,5090
2024-11-29,5094
2024-11-29,5095
2024-11-29,5098
2024-11-29,5099
2024-11-29,5100
2024-11-29,5101
2024-11-29,5102
2024-11-29,5104
2024-11-29,5112
2024-11-29,5113
2024-11-29,5115
2024-11-29,5125
2024-11-29,5126
2024-11-29,5129
2024-11-29,5131
2024-11-29,5132
2024-11-29,5133
2024-11-29,5134
2024-11-29,5135
2024-11-29,5136
2024-11-29,5138
2024-11-29,5140
2024-11-29,5141
2024-11-29,5142
2024-11-29,5145
2024-11-29,5147
2024-11-29,5148
2024-11-29,5149
2024-11-29,5151
2024-11-29,5152
2024-11-29,5157
2024-11-29,5159
2024-11-29,5160
2024-11-29,5161
2024-11-29,5162
2024-11-29,5165
2024-11-29,5166
2024-11-29,5168
2024-11-29,5169
2024-11-29,5170
2024-11-29,5171
2024-11-29,5172
2024-11-29,5173
2024-11-29,5175
2024-11-29,5178
2024-11-29,5182
2024-11-29,5183
2024-11-29,5184
2024-11-29,5186
2024-11-29,5190
2024-11-29,5191
2024-11-29,5192
2024-11-29,5195
2024-11-29,5196
2024-11-29,5197
2024-11-29,5198
2024-11-29,5199
2024-11-29,5200
2024-11-29,5202
2024-11-29,5204
2024-11-29,5205
2024-11-29,5207
2024-11-29,5208
2024-11-29,5209
2024-11-29,5210
2024-11-29,5211
2024-11-29,5216
2024-11-29,5218
2024-11-29,5219
2024-11-29,5220
2024-11-29,5222
2024-11-29,5223
2024-11-29,5225
2024-11-29,5226
2024-11-29,5232
2024-11-29,5236
2024-11-29,5238
2024-11-29,5239
2024-11-29,5242
2024-11-29,5243
2024-11-29,5246
2024-11-29,5247
2024-11-29,5248
2024-11-29,5252
2024-11-29,5253
2024-11-29,5255
2024-11-29,5257
2024-11-29,5258
2024-11-29,5259
2024-11-29,5260
2024-11-29,5263
2024-11-29,5264
2024-11-29,5267
2024-11-29,5271
2024-11-29,5272
2024-11-29,5273
2024-11-29,5276
2024-11-29,5277
2024-11-29,5284
2024-11-29,5285
2024-11-29,5286
2024-11-29,5288
2024-11-29,5289
2024-11-29,5291
2024-11-29,5292
2024-11-29,5293
2024-11-29,5295
2024-11-29,5296
2024-11-29,5297
2024-11-29,5298
2024-11-29,5301
2024-11-29,5302
2024-11-29,5303
2024-11-29,5305
2024-11-29,5306
2024-11-29,5308
2024-11-29,5309
2024-11-29,5310
2024-11-29,5313
2024-11-29,5315
2024-11-29,5316
2024-11-29,5317
2024-11-29,5318
2024-11-29,5319
2024-11-29,5321
2024-11-29,5322
2024-11-29,5323
2024-11-29,5328
2024-11-29,5329
2024-11-29,5347
2024-11-29,5371
2024-11-29,5398
2024-11-29,5401
2024-11-29,5436
2024-11-29,5533
2024-11-29,5576
2024-11-29,5614
2024-11-29,5622
2024-11-29,5649
2024-11-29,5657
2024-11-29,5673
2024-11-29,5681
2024-11-29,5703
2024-11-29,5738
2024-11-29,5789
2024-11-29,5797
2024-11-29,5827
2024-11-29,5843
2024-11-29,5878
2024-11-29,5908
2024-11-29,5916
2024-11-29,5932
2024-11-29,5983
2024-11-29,6012
2024-11-29,6033
2024-11-29,6041
2024-11-29,6076
2024-11-29,6084
2024-11-29,6114
2024-11-29,6139
2024-11-29,6173
2024-11-29,6181
2024-11-29,6211
2024-11-29,6262
2024-11-29,6351
2024-11-29,6432
2024-11-29,6491
2024-11-29,6521
2024-11-29,6556
2024-11-29,6599
2024-11-29,6602
2024-11-29,6637
2024-11-29,6718
2024-11-29,6769
2024-11-29,6807
2024-11-29,6815
2024-11-29,6874
2024-11-29,6888
2024-11-29,6912
2024-11-29,6939
2024-11-29,6947
2024-11-29,6963
2024-11-29,6971
2024-11-29,6998
2024-11-29,7003
2024-11-29,7004
2024-11-29,7005
2024-11-29,7006
2024-11-29,7007
2024-11-29,7010
2024-11-29,7013
2024-11-29,7014
2024-11-29,7016
2024-11-29,7017
2024-11-29,7018
2024-11-29,7020
2024-11-29,7022
2024-11-29,7025
2024-11-29,7028
2024-11-29,7029
2024-11-29,7031
2024-11-29,7033
2024-11-29,7034
2024-11-29,7035
2024-11-29,7036
2024-11-29,7045
2024-11-29,7047
2024-11-29,7050
2024-11-29,7052
2024-11-29,7053
2024-11-29,7054
2024-11-29,7055
2024-11-29,7060
2024-11-29,7062
2024-11-29,7066
2024-11-29,7070
2024-11-29,7071
2024-11-29,7073
2024-11-29,7076
2024-11-29,7077
2024-11-29,7078
2024-11-29,7079
2024-11-29,7080
2024-11-29,7081
2024-11-29,7084
2024-11-29,7085
2024-11-29,7086
2024-11-29,7087
2024-11-29,7089
2024-11-29,7091
2024-11-29,7094
2024-11-29,7095
2024-11-29,7097
2024-11-29,7099
2024-11-29,7100
2024-11-29,7103
2024-11-29,7105
2024-11-29,7107
2024-11-29,7108
2024-11-29,7113
2024-11-29,7114
2024-11-29,7115
2024-11-29,7120
2024-11-29,7121
2024-11-29,7123
2024-11-29,7128
2024-11-29,7130
2024-11-29,7131
2024-11-29,7132
2024-11-29,7133
2024-11-29,7134
2024-11-29,7137
2024-11-29,7139
2024-11-29,7140
2024-11-29,7145
2024-11-29,7148
2024-11-29,7149
2024-11-29,7152
2024-11-29,7153
2024-11-29,7155
2024-11-29,7157
2024-11-29,7160
2024-11-29,7161
2024-11-29,7162
2024-11-29,7163
2024-11-29,7167
2024-11-29,7168
2024-11-29,7169
2024-11-29,7170
2024-11-29,7172
2024-11-29,7173
2024-11-29,7174
2024-11-29,7176
2024-11-29,7178
2024-11-29,7179
2024-11-29,7180
2024-11-29,7181
2024-11-29,7186
2024-11-29,7187
2024-11-29,7191
2024-11-29,7192
2024-11-29,7195
2024-11-29,7197
2024-11-29,7198
2024-11-29,7199
2024-11-29,7200
2024-11-29,7201
2024-11-29,7202
2024-11-29,7204
2024-11-29,7207
2024-11-29,7208
2024-11-29,7209
2024-11-29,7210
2024-11-29,7211
2024-11-29,7212
2024-11-29,7214
2024-11-29,7215
2024-11-29,7216
2024-11-29,7217
2024-11-29,7218
2024-11-29,7219
2024-11-29,7221
2024-11-29,7223
2024-11-29,7225
2024-11-29,7226
2024-11-29,7227
2024-11-29,7229
2024-11-29,7230
2024-11-29,7231
2024-11-29,7232
2024-11-29,7233
2024-11-29,7234
2024-11-29,7235
2024-11-29,7237
2024-11-29,7239
2024-11-29,7240
2024-11-29,7241
2024-11-29,7243
2024-11-29,7245
2024-11-29,7246
2024-11-29,7248
2024-11-29,7250
2024-11-29,7251
2024-11-29,7252
2024-11-29,7253
2024-11-29,7277
2024-11-29,7315
2024-11-29,7382
2024-11-29,7412
2024-11-29,7471
2024-11-29,7498
2024-11-29,7501
2024-11-29,7528
2024-11-29,7579
2024-11-29,7595
2024-11-29,7609
2024-11-29,7617
2024-11-29,7676
2024-11-29,7722
2024-11-29,7757
2024-11-29,7765
2024-11-29,7773
2024-11-29,7803
2024-11-29,7811
2024-11-29,7854
2024-11-29,7889
2024-11-29,7943
2024-11-29,8052
2024-11-29,8079
2024-11-29,8117
2024-11-29,8125
2024-11-29,8133
2024-11-29,8141
2024-11-29,8176
2024-11-29,8192
2024-11-29,8206
2024-11-29,8273
2024-11-29,8303
2024-11-29,8311
2024-11-29,8338
2024-11-29,8346
2024-11-29,8362
2024-11-29,8397
2024-11-29,8435
2024-11-29,8443
2024-11-29,8478
2024-11-29,8486
2024-11-29,8494
2024-11-29,8524
2024-11-29,8532
2024-11-29,8567
2024-11-29,8583
2024-11-29,8591
2024-11-29,8605
2024-11-29,8613
2024-11-29,8664
2024-11-29,8672
2024-11-29,8702
2024-11-29,8745
2024-11-29,8834
2024-11-29,8869
2024-11-29,8877
2024-11-29,8885
2024-11-29,8893
2024-11-29,8907
2024-11-29,8923
2024-11-29,8966
2024-11-29,8982
2024-11-29,9008
2024-11-29,9059
2024-11-29,9075
2024-11-29,9083
2024-11-29,9091
2024-11-29,9113
2024-11-29,9121
2024-11-29,9148
2024-11-29,9172
2024-11-29,9237
2024-11-29,9261
2024-11-29,9288
2024-11-29,9296
2024-11-29,9318
2024-11-29,9326
2024-11-29,9334
2024-11-29,9369
2024-11-29,9385
2024-11-29,9393
2024-11-29,9407
2024-11-29,9423
2024-11-29,9431
2024-11-29,9466
2024-11-29,9571
2024-11-29,9598
2024-11-29,9601
2024-11-29,9628
2024-11-29,9679
2024-11-29,9687
2024-11-29,9741
2024-11-29,9776
2024-11-29,9792
2024-11-29,9814
2024-11-29,9822
2024-11-29,9873
2024-11-29,9881
2024-11-29,9946
2024-11-29,9954
2024-11-29,9962
2024-11-29,9997
2025-05-30,0001
2025-05-30,0002
2025-05-30,0005
2025-05-30,0007
2025-05-30,0008
2025-05-30,0010
2025-05-30,0011
2025-05-30,0012
2025-05-30,0017
2025-05-30,0022
2025-05-30,0023
2025-05-30,0024
2025-05-30,0025
2025-05-30,0026
2025-05-30,0028
2025-05-30,0032
2025-05-30,0034
2025-05-30,0035
2025-05-30,0036
2025-05-30,0038
2025-05-30,0039
2025-05-30,0040
2025-05-30,0043
2025-05-30,0045
2025-05-30,0048
2025-05-30,0049
2025-05-30,0050
2025-05-30,0051
2025-05-30,0054
2025-05-30,0055
2025-05-30,0056
2025-05-30,0059
2025-05-30,0065
2025-05-30,0068
2025-05-30,0069
2025-05-30,0070
2025-05-30,0072
2025-05-30,0075
2025-05-30,0078
2025-05-30,0079
2025-05-30,0080
2025-05-30,0081
2025-05-30,0082
2025-05-30,0083
2025-05-30,0084
2025-05-30,0086
2025-05-30,0089
2025-05-30,0091
2025-05-30,0093
2025-05-30,0094
2025-05-30,0096
2025-05-30,0097
2025-05-30,0098
2025-05-30,0100
2025-05-30,0101
2025-05-30,0102
2025-05-30,0104
2025-05-30,0105
2025-05-30,0107
2025-05-30,0109
2025-05-30,0111
2025-05-30,0112
2025-05-30,0113
2025-05-30,0117
2025-05-30,0118
2025-05-30,0123
2025-05-30,0126
2025-05-30,0127
2025-05-30,0128
2025-05-30,0129
2025-05-30,0131
2025-05-30,0132
2025-05-30,0136
2025-05-30,0138
2025-05-30,0143
2025-05-30,0145
2025-05-30,0146
2025-05-30,0151
2025-05-30,0155
2025-05-30,0156
2025-05-30,0157
2025-05-30,0158
2025-05-30,0159
2025-05-30,0160
2025-05-30,0161
2025-05-30,0162
2025-05-30,0163
2025-05-30,0165
2025-05-30,0166
2025-05-30,0167
2025-05-30,0168
2025-05-30,0170
2025-05-30,0172
2025-05-30,0174
2025-05-30,0175
2025-05-30,0176
2025-05-30,0177
2025-05-30,0178
2025-05-30,0179
2025-05-30,0180
2025-05-30,0181
2025-05-30,0182
2025-05-30,0183
2025-05-30,0185
2025-05-30,0186
2025-05-30,0187
2025-05-30,0188
2025-05-30,0190
2025-05-30,0191
2025-05-30,0192
2025-05-30,0193
2025-05-30,0195
2025-05-30,0196
2025-05-30,0197
2025-05-30,0198
2025-05-30,0200
2025-05-30,0201
2025-05-30,0202
2025-05-30,0206
2025-05-30,0207
2025-05-30,0208
2025-05-30,0209
2025-05-30,0210
2025-05-30,0211
2025-05-30,0212
2025-05-30,0213
2025-05-30,0215
2025-05-30,0216
2025-05-30,0218
2025-05-30,0219
2025-05-30,0220
2025-05-30,0221
2025-05-30,0222
2025-05-30,0223
2025-05-30,0225
2025-05-30,0226
2025-05-30,0227
2025-05-30,0228
2025-05-30,0229
2025-05-30,0230
2025-05-30,0231
2025-05-30,0232
2025-05-30,0233
2025-05-30,0235
2025-05-30,0236
2025-05-30,0237
2025-05-30,0238
2025-05-30,0239
2025-05-30,0240
2025-05-30,0241
2025-05-30,0243
2025-05-30,0245
2025-05-30,0246
2025-05-30,0248
2025-05-30,0249
2025-05-30,0250
2025-05-30,0251
2025-05-30,0252
2025-05-30,0253
2025-05-30,0255
2025-05-30,0256
2025-05-30,0257
2025-05-30,0258
2025-05-30,0259
2025-05-30,0260
2025-05-30,0261
2025-05-30,0262
2025-05-30,0263
2025-05-30,0265
2025-05-30,0266
2025-05-30,0267
2025-05-30,0268
2025-05-30,0269
2025-05-30,0270
2025-05-30,0271
2025-05-30,0272
2025-05-30,0273
2025-05-30,0275
2025-05-30,0277
2025-05-30,0278
2025-05-30,0279
2025-05-30,0281
2025-05-30,0282
2025-05-30,0284
2025-05-30,0287
2025-05-30,0288
2025-05-30,0289
2025-05-30,0290
2025-05-30,0291
2025-05-30,0292
2025-05-30,0293
2025-05-30,0295
2025-05-30,0296
2025-05-30,0297
2025-05-30,0298
2025-05-30,0299
2025-05-30,0300
2025-05-30,03001
2025-05-30,03006
2025-05-30,03009
2025-05-30,0301
2025-05-30,03011
2025-05-30,03012
2025-05-30,03015
2025-05-30,03017
2025-05-30,03019
2025-05-30,0302
2025-05-30,03021
2025-05-30,03023
2025-05-30,03024
2025-05-30,03025
2025-05-30,03027
2025-05-30,03028
2025-05-30,03029
2025-05-30,03031
2025-05-30,03033
2025-05-30,03036
2025-05-30,03037
2025-05-30,03038
2025-05-30,03039
2025-05-30,0304
2025-05-30,03040
2025-05-30,03042
2025-05-30,03043
2025-05-30,0305
2025-05-30,03050
2025-05-30,03051
2025-05-30,03052
2025-05-30,03055
2025-05-30,03057
2025-05-30,0306
2025-05-30,03060
2025-05-30,03062
2025-05-30,0307
2025-05-30,0308
2025-05-30,0309
2025-05-30,0310
2025-05-30,0311
2025-05-30,0312
2025-05-30,0313
2025-05-30,0316
2025-05-30,0317
2025-05-30,0318
2025-05-30,0320
2025-05-30,0321
2025-05-30,0322
2025-05-30,0323
2025-05-30,0325
2025-05-30,0326
2025-05-30,0327
2025-05-30,0328
2025-05-30,0329
2025-05-30,0330
2025-05-30,0331
2025-05-30,0332
2025-05-30,0333
2025-05-30,0335
2025-05-30,0336
2025-05-30,0337
2025-05-30,0338
2025-05-30,0339
2025-05-30,0340
2025-05-30,0341
2025-05-30,0342
2025-05-30,0343
2025-05-30,0345
2025-05-30,0347
2025-05-30,0348
2025-05-30,0349
2025-05-30,0350
2025-05-30,0351
2025-05-30,0352
2025-05-30,0353
2025-05-30,0355
2025-05-30,0356
2025-05-30,0357
2025-05-30,1147
2025-05-30,1171
2025-05-30,1287
2025-05-30,1368
2025-05-30,1481
2025-05-30,1538
2025-05-30,1589
2025-05-30,1619
2025-05-30,1651
2025-05-30,1694
2025-05-30,1724
2025-05-30,1818
2025-05-30,1899
2025-05-30,1961
2025-05-30,1996
2025-05-30,2054
2025-05-30,2062
2025-05-30,2089
2025-05-30,2097
2025-05-30,2127
2025-05-30,2224
2025-05-30,2259
2025-05-30,2283
2025-05-30,2291
2025-05-30,2305
2025-05-30,2429
2025-05-30,2445
2025-05-30,2542
2025-05-30,2593
2025-05-30,2607
2025-05-30,2658
2025-05-30,2674
2025-05-30,2682
2025-05-30,2739
2025-05-30,2828
2025-05-30,2852
2025-05-30,3026
2025-05-30,3042
2025-05-30,3069
2025-05-30,3107
2025-05-30,3158
2025-05-30,3174
2025-05-30,3247
2025-05-30,3301
2025-05-30,3336
2025-05-30,3417
2025-05-30,3557
2025-05-30,3611
2025-05-30,3662
2025-05-30,3689
2025-05-30,3743
2025-05-30,3778
2025-05-30,3794
2025-05-30,3816
2025-05-30,3867
2025-05-30,3883
2025-05-30,3913
2025-05-30,4022
2025-05-30,4057
2025-05-30,4065
2025-05-30,4081
2025-05-30,4197
2025-05-30,4235
2025-05-30,4243
2025-05-30,4251
2025-05-30,4286
2025-05-30,4316
2025-05-30,4324
2025-05-30,4359
2025-05-30,4375
2025-05-30,4383
2025-05-30,4405
2025-05-30,4456
2025-05-30,4596
2025-05-30,4634
2025-05-30,4707
2025-05-30,4723
2025-05-30,4731
2025-05-30,4758
2025-05-30,4847
2025-05-30,4863
2025-05-30,4995
2025-05-30,5000
2025-05-30,5001
2025-05-30,5005
2025-05-30,5006
2025-05-30,5007
2025-05-30,5009
2025-05-30,5010
2025-05-30,5011
2025-05-30,5012
2025-05-30,5015
2025-05-30,5020
2025-05-30,5021
2025-05-30,5022
2025-05-30,5024
2025-05-30,5026
2025-05-30,5027
2025-05-30,5028
2025-05-30,5029
2025-05-30,5031
2025-05-30,5032
2025-05-30,5035
2025-05-30,5036
2025-05-30,5037
2025-05-30,5038
2025-05-30,5040
2025-05-30,5041
2025-05-30,5042
2025-05-30,5047
2025-05-30,5048
2025-05-30,5049
2025-05-30,5054
2025-05-30,5056
2025-05-30,5062
2025-05-30,5065
2025-05-30,5066
2025-05-30,5068
2025-05-30,5069
2025-05-30,5070
2025-05-30,5072
2025-05-30,5073
2025-05-30,5075
2025-05-30,5078
2025-05-30,5079
2025-05-30,5080
2025-05-30,5081
2025-05-30,5082
2025-05-30,5084
2025-05-30,5085
2025-05-30,5087
2025-05-30,5090
2025-05-30,5094
2025-05-30,5095
2025-05-30,5098
2025-05-30,5099
2025-05-30,5100
2025-05-30,5101
2025-05-30,5102
2025-05-30,5104
2025-05-30,5112
2025-05-30,5113
2025-05-30,5115
2025-05-30,5125
2025-05-30,5126
2025-05-30,5129
2025-05-30,5131
2025-05-30,5132
2025-05-30,5133
2025-05-30,5134
2025-05-30,5135
2025-05-30,5136
2025-05-30,5138
2025-05-30,5140
2025-05-30,5141
2025-05-30,5142
2025-05-30,5145
2025-05-30,5147
2025-05-30,5148
2025-05-30,5149
2025-05-30,5151
2025-05-30,5152
2025-05-30,5157
2025-05-30,5159
2025-05-30,5160
2025-05-30,5161
2025-05-30,5162
2025-05-30,5163
2025-05-30,5165
2025-05-30,5166
2025-05-30,5168
2025-05-30,5169
2025-05-30,5171
2025-05-30,5172
2025-05-30,5173
2025-05-30,5175
2025-05-30,5178
2025-05-30,5182
2025-05-30,5183
2025-05-30,5184
2025-05-30,5186
2025-05-30,5190
2025-05-30,5191
2025-05-30,5192
2025-05-30,5195
2025-05-30,5196
2025-05-30,5197
2025-05-30,5198
2025-05-30,5199
2025-05-30,5200
2025-05-30,5202
2025-05-30,5204
2025-05-30,5205
2025-05-30,5207
2025-05-30,5208
2025-05-30,5209
2025-05-30,5210
2025-05-30,5211
2025-05-30,5216
2025-05-30,5218
2025-05-30,5219
2025-05-30,5220
2025-05-30,5222
2025-05-30,5223
2025-05-30,5225
2025-05-30,5226
2025-05-30,5232
2025-05-30,5236
2025-05-30,5238
2025-05-30,5239
2025-05-30,5242
2025-05-30,5243
2025-05-30,5246
2025-05-30,5247
2025-05-30,5248
2025-05-30,5249
2025-05-30,5252
2025-05-30,5253
2025-05-30,5255
2025-05-30,5257
2025-05-30,5258
2025-05-30,5259
2025-05-30,5260
2025-05-30,5263
2025-05-30,5264
2025-05-30,5267
2025-05-30,5271
2025-05-30,5272
2025-05-30,5273
2025-05-30,5276
2025-05-30,5277
2025-05-30,5284
2025-05-30,5285
2025-05-30,5286
2025-05-30,5288
2025-05-30,5289
2025-05-30,5291
2025-05-30,5292
2025-05-30,5293
2025-05-30,5295
2025-05-30,5296
2025-05-30,5297
2025-05-30,5298
2025-05-30,5301
2025-05-30,5302
2025-05-30,5303
2025-05-30,5305
2025-05-30,5306
2025-05-30,5308
2025-05-30,5309
2025-05-30,5310
2025-05-30,5313
2025-05-30,5315
2025-05-30,5316
2025-05-30,5317
2025-05-30,5318
2025-05-30,5319
2025-05-30,5321
2025-05-30,5322
2025-05-30,5323
2025-05-30,5328
2025-05-30,5329
2025-05-30,5330
2025-05-30,5331
2025-05-30,5332
2025-05-30,5335
2025-05-30,5337
2025-05-30,5347
2025-05-30,5371
2025-05-30,5398
2025-05-30,5401
2025-05-30,5436
2025-05-30,5533
2025-05-30,5576
2025-05-30,5592
2025-05-30,5614
2025-05-30,5622
2025-05-30,5649
2025-05-30,5657
2025-05-30,5673
2025-05-30,5681
2025-05-30,5703
2025-05-30,5738
2025-05-30,5789
2025-05-30,5797
2025-05-30,5827
2025-05-30,5843
2025-05-30,5878
2025-05-30,5908
2025-05-30,5916
2025-05-30,5932
2025-05-30,5983
2025-05-30,6012
2025-05-30,6033
2025-05-30,6041
2025-05-30,6076
2025-05-30,6084
2025-05-30,6114
2025-05-30,6139
2025-05-30,6173
2025-05-30,6181
2025-05-30,6211
2025-05-30,6262
2025-05-30,6351
2025-05-30,6432
2025-05-30,6491
2025-05-30,6521
2025-05-30,6556
2025-05-30,6599
2025-05-30,6602
2025-05-30,6637
2025-05-30,6718
2025-05-30,6769
2025-05-30,6807
2025-05-30,6815
2025-05-30,6874
2025-05-30,6888
2025-05-30,6912
2025-05-30,6939
2025-05-30,6947
2025-05-30,6963
2025-05-30,6971
2025-05-30,6998
2025-05-30,7003
2025-05-30,7004
2025-05-30,7005
2025-05-30,7007
2025-05-30,7010
2025-05-30,7013
2025-05-30,7014
2025-05-30,7016
2025-05-30,7017
2025-05-30,7018
2025-05-30,7020
2025-05-30,7022
2025-05-30,7025
2025-05-30,7028
2025-05-30,7029
2025-05-30,7031
2025-05-30,7033
2025-05-30,7034
2025-05-30,7035
2025-05-30,7036
2025-05-30,7047
2025-05-30,7050
2025-05-30,7052
2025-05-30,7053
2025-05-30,7054
2025-05-30,7055
2025-05-30,7060
2025-05-30,7062
2025-05-30,7066
2025-05-30,7070
2025-05-30,7071
2025-05-30,7073
2025-05-30,7076
2025-05-30,7077
2025-05-30,7078
2025-05-30,7079
2025-05-30,7080
2025-05-30,7081
2025-05-30,7084
2025-05-30,7085
2025-05-30,7086
2025-05-30,7087
2025-05-30,7089
2025-05-30,7090
2025-05-30,7091
2025-05-30,7094
2025-05-30,7095
2025-05-30,7097
2025-05-30,7099
2025-05-30,7100
2025-05-30,7103
2025-05-30,7105
2025-05-30,7107
2025-05-30,7108
2025-05-30,7113
2025-05-30,7114
2025-05-30,7115
2025-05-30,7117
2025-05-30,7120
2025-05-30,7121
2025-05-30,7123
2025-05-30,7128
2025-05-30,7130
2025-05-30,7131
2025-05-30,7132
2025-05-30,7133
2025-05-30,7134
2025-05-30,7137
2025-05-30,7139
2025-05-30,7140
2025-05-30,7145
2025-05-30,7148
2025-05-30,7149
2025-05-30,7152
2025-05-30,7153
2025-05-30,7154
2025-05-30,7155
2025-05-30,7157
2025-05-30,7160
2025-05-30,7161
2025-05-30,7162
2025-05-30,7163
2025-05-30,7167
2025-05-30,7168
2025-05-30,7169
2025-05-30,7170
2025-05-30,7172
2025-05-30,7173
2025-05-30,7174
2025-05-30,7176
2025-05-30,7178
2025-05-30,7179
2025-05-30,7180
2025-05-30,7181
2025-05-30,7186
2025-05-30,7187
2025-05-30,7191
2025-05-30,7192
2025-05-30,7195
2025-05-30,7197
2025-05-30,7198
2025-05-30,7199
2025-05-30,7200
2025-05-30,7201
2025-05-30,7202
2025-05-30,7204
2025-05-30,7207
2025-05-30,7208
2025-05-30,7209
2025-05-30,7210
2025-05-30,7211
2025-05-30,7212
2025-05-30,7214
2025-05-30,7215
2025-05-30,7216
2025-05-30,7217
2025-05-30,7218
2025-05-30,7219
2025-05-30,7221
2025-05-30,7223
2025-05-30,7225
2025-05-30,7226
2025-05-30,7227
2025-05-30,7229
2025-05-30,7230
2025-05-30,7231
2025-05-30,7232
2025-05-30,7233
2025-05-30,7234
2025-05-30,7235
2025-05-30,7237
2025-05-30,7239
2025-05-30,7240
2025-05-30,7241
2025-05-30,7243
2025-05-30,7245
2025-05-30,7246
2025-05-30,7248
2025-05-30,7250
2025-05-30,7251
2025-05-30,7252
2025-05-30,7253
2025-05-30,7277
2025-05-30,7285
2025-05-30,7315
2025-05-30,7382
2025-05-30,7412
2025-05-30,7471
2025-05-30,7498
2025-05-30,7501
2025-05-30,7528
2025-05-30,7579
2025-05-30,7595
2025-05-30,7609
2025-05-30,7617
2025-05-30,7676
2025-05-30,7722
2025-05-30,7757
2025-05-30,7765
2025-05-30,7773
2025-05-30,7803
2025-05-30,7811
2025-05-30,7854
2025-05-30,7889
2025-05-30,7943
2025-05-30,8052
2025-05-30,8079
2025-05-30,8117
2025-05-30,8125
2025-05-30,8133
2025-05-30,8141
2025-05-30,8176
2025-05-30,8192
2025-05-30,8206
2025-05-30,8273
2025-05-30,8303
2025-05-30,8311
2025-05-30,8338
2025-05-30,8346
2025-05-30,8362
2025-05-30,8397
2025-05-30,8435
2025-05-30,8443
2025-05-30,8478
2025-05-30,8486
2025-05-30,8494
2025-05-30,8524
2025-05-30,8532
2025-05-30,8567
2025-05-30,8583
2025-05-30,8591
2025-05-30,8605
2025-05-30,8613
2025-05-30,8664
2025-05-30,8672
2025-05-30,8702
2025-05-30,8745
2025-05-30,8834
2025-05-30,8869
2025-05-30,8877
2025-05-30,8885
2025-05-30,8893
2025-05-30,8907
2025-05-30,8923
2025-05-30,8966
2025-05-30,8982
2025-05-30,9008
2025-05-30,9059
2025-05-30,9075
2025-05-30,9083
2025-05-30,9091
2025-05-30,9113
2025-05-30,9121
2025-05-30,9148
2025-05-30,9172
2025-05-30,9237
2025-05-30,9261
2025-05-30,9288
2025-05-30,9296
2025-05-30,9318
2025-05-30,9326
2025-05-30,9334
2025-05-30,9369
2025-05-30,9385
2025-05-30,9393
2025-05-30,9407
2025-05-30,9423
2025-05-30,9431
2025-05-30,9466
2025-05-30,9571
2025-05-30,9598
2025-05-30,9601
2025-05-30,9628
2025-05-30,9679
2025-05-30,9687
2025-05-30,9695
2025-05-30,9717
2025-05-30,9741
2025-05-30,9776
2025-05-30,9792
2025-05-30,9814
2025-05-30,9822
2025-05-30,9873
2025-05-30,9881
2025-05-30,9946
2025-05-30,9954
2025-05-30,9962
2025-05-30,9997
2025-11-28,0001
2025-11-28,0002
2025-11-28,0007
2025-11-28,0008
2025-11-28,0010
2025-11-28,0011
2025-11-28,0012
2025-11-28,0017
2025-11-28,0022
2025-11-28,0023
2025-11-28,0024
2025-11-28,0025
2025-11-28,0026
2025-11-28,0028
2025-11-28,0032
2025-11-28,0034
2025-11-28,0035
2025-11-28,0036
2025-11-28,0038
2025-11-28,0039
2025-11-28,0040
2025-11-28,0043
2025-11-28,0045
2025-11-28,0048
2025-11-28,0049
2025-11-28,0050
2025-11-28,0051
2025-11-28,0054
2025-11-28,0055
2025-11-28,0056
2025-11-28,0059
2025-11-28,0060
2025-11-28,0064
2025-11-28,0065
2025-11-28,0068
2025-11-28,0069
2025-11-28,0070
2025-11-28,0072
2025-11-28,0078
2025-11-28,0079
2025-11-28,0080
2025-11-28,0081
2025-11-28,0082
2025-11-28,0083
2025-11-28,0084
2025-11-28,0086
2025-11-28,0089
2025-11-28,0091
2025-11-28,0093
2025-11-28,0094
2025-11-28,0096
2025-11-28,0097
2025-11-28,0098
2025-11-28,0100
2025-11-28,0101
2025-11-28,0102
2025-11-28,0104
2025-11-28,0105
2025-11-28,0107
2025-11-28,0109
2025-11-28,0111
2025-11-28,0112
2025-11-28,0113
2025-11-28,0117
2025-11-28,0118
2025-11-28,0123
2025-11-28,0126
2025-11-28,0127
2025-11-28,0128
2025-11-28,0129
2025-11-28,0131
2025-11-28,0132
2025-11-28,0133
2025-11-28,0136
2025-11-28,0138
2025-11-28,0143
2025-11-28,0145
2025-11-28,0146
2025-11-28,0151
2025-11-28,0155
2025-11-28,0156
2025-11-28,0157
2025-11-28,0158
2025-11-28,0159
2025-11-28,0160
2025-11-28,0161
2025-11-28,0162
2025-11-28,0163
2025-11-28,0165
2025-11-28,0166
2025-11-28,0167
2025-11-28,0168
2025-11-28,0170
2025-11-28,0172
2025-11-28,0174
2025-11-28,0175
2025-11-28,0176
2025-11-28,0177
2025-11-28,0178
2025-11-28,0179
2025-11-28,0180
2025-11-28,0181
2025-11-28,0183
2025-11-28,0185
2025-11-28,0186
2025-11-28,0187
2025-11-28,0188
2025-11-28,0190
2025-11-28,0191
2025-11-28,0192
2025-11-28,0193
2025-11-28,0195
2025-11-28,0196
2025-11-28,0197
2025-11-28,0198
2025-11-28,0199
2025-11-28,0200
2025-11-28,0201
2025-11-28,0202
2025-11-28,0203
2025-11-28,0205
2025-11-28,0206
2025-11-28,0207
2025-11-28,0208
2025-11-28,0209
2025-11-28,0211
2025-11-28,0212
2025-11-28,0213
2025-11-28,0215
2025-11-28,0216
2025-11-28,0217
2025-11-28,0218
2025-11-28,0219
2025-11-28,0221
2025-11-28,0222
2025-11-28,0223
2025-11-28,0225
2025-11-28,0226
2025-11-28,0227
2025-11-28,0228
2025-11-28,0229
2025-11-28,0230
2025-11-28,0231
2025-11-28,0232
2025-11-28,0233
2025-11-28,0235
2025-11-28,0236
2025-11-28,0237
2025-11-28,0238
2025-11-28,0239
2025-11-28,0240
2025-11-28,0241
2025-11-28,0243
2025-11-28,0245
2025-11-28,0246
2025-11-28,0248
2025-11-28,0249
2025-11-28,0250
2025-11-28,0251
2025-11-28,0252
2025-11-28,0253
2025-11-28,0256
2025-11-28,0257
2025-11-28,0258
2025-11-28,0259
2025-11-28,0260
2025-11-28,0262
2025-11-28,0263
2025-11-28,0265
2025-11-28,0266
2025-11-28,0267
2025-11-28,0268
2025-11-28,0269
2025-11-28,0270
2025-11-28,0271
2025-11-28,0272
2025-11-28,0273
2025-11-28,0275
2025-11-28,0277
2025-11-28,0278
2025-11-28,0279
2025-11-28,0281
2025-11-28,0282
2025-11-28,0283
2025-11-28,0284
2025-11-28,0287
2025-11-28,0288
2025-11-28,0289
2025-11-28,0290
2025-11-28,0291
2025-11-28,0292
2025-11-28,0293
2025-11-28,0295
2025-11-28,0296
2025-11-28,0297
2025-11-28,0298
2025-11-28,0299
2025-11-28,0300
2025-11-28,03001
2025-11-28,03008
2025-11-28,03009
2025-11-28,0301
2025-11-28,03011
2025-11-28,03012
2025-11-28,03015
2025-11-28,03017
2025-11-28,03019
2025-11-28,0302
2025-11-28,03023
2025-11-28,03024
2025-11-28,03025
2025-11-28,03027
2025-11-28,03029
2025-11-28,03031
2025-11-28,03033
2025-11-28,03036
2025-11-28,03037
2025-11-28,03039
2025-11-28,0304
2025-11-28,03040
2025-11-28,03042
2025-11-28,03043
2025-11-28,0305
2025-11-28,03050
2025-11-28,03051
2025-11-28,03052
2025-11-28,03053
2025-11-28,03055
2025-11-28,03057
2025-11-28,03059
2025-11-28,0306
2025-11-28,03060
2025-11-28,03061
2025-11-28,03062
2025-11-28,03063
2025-11-28,03064
2025-11-28,03065
2025-11-28,0307
2025-11-28,0308
2025-11-28,0309
2025-11-28,0310
2025-11-28,0311
2025-11-28,0312
2025-11-28,0313
2025-11-28,0316
2025-11-28,0317
2025-11-28,0318
2025-11-28,0319
2025-11-28,0320
2025-11-28,0321
2025-11-28,0323
2025-11-28,0325
2025-11-28,0326
2025-11-28,0327
2025-11-28,0329
2025-11-28,0330
2025-11-28,0331
2025-11-28,0332
2025-11-28,0333
2025-11-28,0335
2025-11-28,0337
2025-11-28,0338
2025-11-28,0339
2025-11-28,0341
2025-11-28,0342
2025-11-28,0343
2025-11-28,0345
2025-11-28,0347
2025-11-28,0348
2025-11-28,0349
2025-11-28,0350
2025-11-28,0351
2025-11-28,0352
2025-11-28,0353
2025-11-28,0355
2025-11-28,0356
2025-11-28,0357
2025-11-28,0358
2025-11-28,0359
2025-11-28,0360
2025-11-28,0361
2025-11-28,0362
2025-11-28,0363
2025-11-28,0366
2025-11-28,0367
2025-11-28,0368
2025-11-28,0369
2025-11-28,0370
2025-11-28,0372
2025-11-28,0373
2025-11-28,0375
2025-11-28,0376
2025-11-28,0377
2025-11-28,0378
2025-11-28,0379
2025-11-28,0380
2025-11-28,0381
2025-11-28,1147
2025-11-28,1171
2025-11-28,1287
2025-11-28,1368
2025-11-28,1481
2025-11-28,1538
2025-11-28,1589
2025-11-28,1619
2025-11-28,1651
2025-11-28,1694
2025-11-28,1724
2025-11-28,1818
2025-11-28,1899
2025-11-28,1961
2025-11-28,1996
2025-11-28,2054
2025-11-28,2062
2025-11-28,2089
2025-11-28,2097
2025-11-28,2127
2025-11-28,2135
2025-11-28,2224
2025-11-28,2259
2025-11-28,2283
2025-11-28,2291
2025-11-28,2429
2025-11-28,2445
2025-11-28,2542
2025-11-28,2593
2025-11-28,2607
2025-11-28,2658
2025-11-28,2682
2025-11-28,2739
2025-11-28,2828
2025-11-28,2852
2025-11-28,3026
2025-11-28,3042
2025-11-28,3069
2025-11-28,3107
2025-11-28,3158
2025-11-28,3174
2025-11-28,3247
2025-11-28,3301
2025-11-28,3336
2025-11-28,3557
2025-11-28,3573
2025-11-28,3611
2025-11-28,3689
2025-11-28,3743
2025-11-28,3778
2025-11-28,3794
2025-11-28,3816
2025-11-28,3867
2025-11-28,3883
2025-11-28,3913
2025-11-28,4022
2025-11-28,4057
2025-11-28,4065
2025-11-28,4081
2025-11-28,4197
2025-11-28,4235
2025-11-28,4243
2025-11-28,4251
2025-11-28,4286
2025-11-28,4316
2025-11-28,4359
2025-11-28,4375
2025-11-28,4383
2025-11-28,4405
2025-11-28,4456
2025-11-28,4596
2025-11-28,4634
2025-11-28,4707
2025-11-28,4723
2025-11-28,4731
2025-11-28,4758
2025-11-28,4847
2025-11-28,4863
2025-11-28,4995
2025-11-28,5000
2025-11-28,5001
2025-11-28,5005
2025-11-28,5006
2025-11-28,5007
2025-11-28,5009
2025-11-28,5010
2025-11-28,5011
2025-11-28,5012
2025-11-28,5015
2025-11-28,5016
2025-11-28,5020
2025-11-28,5021
2025-11-28,5022
2025-11-28,5024
2025-11-28,5026
2025-11-28,5027
2025-11-28,5028
2025-11-28,5029
2025-11-28,5031
2025-11-28,5032
2025-11-28,5035
2025-11-28,5036
2025-11-28,5037
2025-11-28,5038
2025-11-28,5040
2025-11-28,5041
2025-11-28,5042
2025-11-28,5048
2025-11-28,5049
2025-11-28,5054
2025-11-28,5056
2025-11-28,5062
2025-11-28,5065
2025-11-28,5066
2025-11-28,5068
2025-11-28,5069
2025-11-28,5070
2025-11-28,5072
2025-11-28,5073
2025-11-28,5075
2025-11-28,5078
2025-11-28,5079
2025-11-28,5080
2025-11-28,5081
2025-11-28,5084
2025-11-28,5085
2025-11-28,5087
2025-11-28,5090
2025-11-28,5094
2025-11-28,5095
2025-11-28,5098
2025-11-28,5099
2025-11-28,5100
2025-11-28,5101
2025-11-28,5102
2025-11-28,5104
2025-11-28,5112
2025-11-28,5113
2025-11-28,5115
2025-11-28,5125
2025-11-28,5126
2025-11-28,5129
2025-11-28,5131
2025-11-28,5132
2025-11-28,5133
2025-11-28,5134
2025-11-28,5135
2025-11-28,5136
2025-11-28,5138
2025-11-28,5140
2025-11-28,5141
2025-11-28,5142
2025-11-28,5143
2025-11-28,5145
2025-11-28,5147
2025-11-28,5148
2025-11-28,5149
2025-11-28,5151
2025-11-28,5152
2025-11-28,5157
2025-11-28,5159
2025-11-28,5160
2025-11-28,5161
2025-11-28,5162
2025-11-28,5163
2025-11-28,5165
2025-11-28,5166
2025-11-28,5168
2025-11-28,5169
2025-11-28,5171
2025-11-28,5172
2025-11-28,5173
2025-11-28,5178
2025-11-28,5182
2025-11-28,5183
2025-11-28,5184
2025-11-28,5186
2025-11-28,5190
2025-11-28,5191
2025-11-28,5192
2025-11-28,5195
2025-11-28,5196
2025-11-28,5197
2025-11-28,5198
2025-11-28,5199
2025-11-28,5200
2025-11-28,5202
2025-11-28,5204
2025-11-28,5205
2025-11-28,5207
2025-11-28,5208
2025-11-28,5209
2025-11-28,5210
2025-11-28,5211
2025-11-28,5216
2025-11-28,5218
2025-11-28,5219
2025-11-28,5220
2025-11-28,5223
2025-11-28,5225
2025-11-28,5226
2025-11-28,5236
2025-11-28,5238
2025-11-28,5239
2025-11-28,5242
2025-11-28,5243
2025-11-28,5246
2025-11-28,5247
2025-11-28,5248
2025-11-28,5249
2025-11-28,5252
2025-11-28,5253
2025-11-28,5255
2025-11-28,5257
2025-11-28,5258
2025-11-28,5259
2025-11-28,5260
2025-11-28,5263
2025-11-28,5264
2025-11-28,5267
2025-11-28,5271
2025-11-28,5272
2025-11-28,5273
2025-11-28,5276
2025-11-28,5277
2025-11-28,5285
2025-11-28,5286
2025-11-28,5288
2025-11-28,5289
2025-11-28,5291
2025-11-28,5292
2025-11-28,5293
2025-11-28,5296
2025-11-28,5297
2025-11-28,5298
2025-11-28,5301
2025-11-28,5302
2025-11-28,5303
2025-11-28,5305
2025-11-28,5306
2025-11-28,5308
2025-11-28,5309
2025-11-28,5310
2025-11-28,5313
2025-11-28,5315
2025-11-28,5316
2025-11-28,5317
2025-11-28,5318
2025-11-28,5319
2025-11-28,5321
2025-11-28,5322
2025-11-28,5323
2025-11-28,5328
2025-11-28,5330
2025-11-28,5331
2025-11-28,5332
2025-11-28,5335
2025-11-28,5336
2025-11-28,5337
2025-11-28,5340
2025-11-28,5347
2025-11-28,5371
2025-11-28,5398
2025-11-28,5401
2025-11-28,5436
2025-11-28,5533
2025-11-28,5576
2025-11-28,5592
2025-11-28,5622
2025-11-28,5649
2025-11-28,5657
2025-11-28,5673
2025-11-28,5681
2025-11-28,5703
2025-11-28,5738
2025-11-28,5789
2025-11-28,5797
2025-11-28,5827
2025-11-28,5843
2025-11-28,5878
2025-11-28,5916
2025-11-28,5932
2025-11-28,5983
2025-11-28,6012
2025-11-28,6033
2025-11-28,6041
2025-11-28,6076
2025-11-28,6114
2025-11-28,6139
2025-11-28,6173
2025-11-28,6181
2025-11-28,6211
2025-11-28,6262
2025-11-28,6351
2025-11-28,6378
2025-11-28,6432
2025-11-28,6491
2025-11-28,6521
2025-11-28,6556
2025-11-28,6599
2025-11-28,6602
2025-11-28,6637
2025-11-28,6718
2025-11-28,6769
2025-11-28,6807
2025-11-28,6815
2025-11-28,6874
2025-11-28,6888
2025-11-28,6912
2025-11-28,6939
2025-11-28,6947
2025-11-28,6963
2025-11-28,6971
2025-11-28,6998
2025-11-28,7003
2025-11-28,7004
2025-11-28,7005
2025-11-28,7007
2025-11-28,7010
2025-11-28,7013
2025-11-28,7014
2025-11-28,7016
2025-11-28,7017
2025-11-28,7018
2025-11-28,7020
2025-11-28,7022
2025-11-28,7025
2025-11-28,7028
2025-11-28,7029
2025-11-28,7031
2025-11-28,7033
2025-11-28,7034
2025-11-28,7035
2025-11-28,7036
2025-11-28,7047
2025-11-28,7050
2025-11-28,7052
2025-11-28,7053
2025-11-28,7054
2025-11-28,7055
2025-11-28,7060
2025-11-28,7062
2025-11-28,7066
2025-11-28,7070
2025-11-28,7071
2025-11-28,7073
2025-11-28,7076
2025-11-28,7077
2025-11-28,7078
2025-11-28,7079
2025-11-28,7080
2025-11-28,7081
2025-11-28,7084
2025-11-28,7085
2025-11-28,7086
2025-11-28,7087
2025-11-28,7089
2025-11-28,7090
2025-11-28,7091
2025-11-28,7095
2025-11-28,7097
2025-11-28,7099
2025-11-28,7100
2025-11-28,7103
2025-11-28,7105
2025-11-28,7107
2025-11-28,7108
2025-11-28,7113
2025-11-28,7114
2025-11-28,7115
2025-11-28,7117
2025-11-28,7120
2025-11-28,7121
2025-11-28,7123
2025-11-28,7128
2025-11-28,7130
2025-11-28,7131
2025-11-28,7132
2025-11-28,7133
2025-11-28,7134
2025-11-28,7137
2025-11-28,7139
2025-11-28,7140
2025-11-28,7145
2025-11-28,7148
2025-11-28,7149
2025-11-28,7152
2025-11-28,7153
2025-11-28,7154
2025-11-28,7155
2025-11-28,7157
2025-11-28,7160
2025-11-28,7161
2025-11-28,7162
2025-11-28,7163
2025-11-28,7167
2025-11-28,7168
2025-11-28,7169
2025-11-28,7170
2025-11-28,7172
2025-11-28,7173
2025-11-28,7174
2025-11-28,7176
2025-11-28,7178
2025-11-28,7179
2025-11-28,7180
2025-11-28,7181
2025-11-28,7186
2025-11-28,7187
2025-11-28,7191
2025-11-28,7192
2025-11-28,7195
2025-11-28,7197
2025-11-28,7198
2025-11-28,7199
2025-11-28,7200
2025-11-28,7201
2025-11-28,7203
2025-11-28,7204
2025-11-28,7207
2025-11-28,7208
2025-11-28,7209
2025-11-28,7210
2025-11-28,7211
2025-11-28,7212
2025-11-28,7214
2025-11-28,7215
2025-11-28,7216
2025-11-28,7217
2025-11-28,7218
2025-11-28,7219
2025-11-28,7221
2025-11-28,7223
2025-11-28,7225
2025-11-28,7229
2025-11-28,7230
2025-11-28,7231
2025-11-28,7232
2025-11-28,7233
2025-11-28,7234
2025-11-28,7235
2025-11-28,7237
2025-11-28,7239
2025-11-28,7240
2025-11-28,7241
2025-11-28,7243
2025-11-28,7245
2025-11-28,7246
2025-11-28,7248
2025-11-28,7249
2025-11-28,7250
2025-11-28,7252
2025-11-28,7253
2025-11-28,7277
2025-11-28,7285
2025-11-28,7315
2025-11-28,7382
2025-11-28,7412
2025-11-28,7439
2025-11-28,7471
2025-11-28,7498
2025-11-28,7501
2025-11-28,7528
2025-11-28,7579
2025-11-28,7595
2025-11-28,7609
2025-11-28,7617
2025-11-28,7676
2025-11-28,7722
2025-11-28,7757
2025-11-28,7765
2025-11-28,7773
2025-11-28,7803
2025-11-28,7811
2025-11-28,7854
2025-11-28,7935
2025-11-28,7943
2025-11-28,8052
2025-11-28,8079
2025-11-28,8117
2025-11-28,8125
2025-11-28,8141
2025-11-28,8176
2025-11-28,8192
2025-11-28,8206
2025-11-28,8303
2025-11-28,8311
2025-11-28,8338
2025-11-28,8346
2025-11-28,8362
2025-11-28,8419
2025-11-28,8435
2025-11-28,8443
2025-11-28,8478
2025-11-28,8486
2025-11-28,8494
2025-11-28,8524
2025-11-28,8532
2025-11-28,8567
2025-11-28,8583
2025-11-28,8591
2025-11-28,8605
2025-11-28,8613
2025-11-28,8664
2025-11-28,8672
2025-11-28,8702
2025-11-28,8745
2025-11-28,8834
2025-11-28,8869
2025-11-28,8877
2025-11-28,8885
2025-11-28,8893
2025-11-28,8907
2025-11-28,8923
2025-11-28,8966
2025-11-28,8982
2025-11-28,9008
2025-11-28,9059
2025-11-28,9075
2025-11-28,9083
2025-11-28,9091
2025-11-28,9113
2025-11-28,9121
2025-11-28,9172
2025-11-28,9237
2025-11-28,9261
2025-11-28,9288
2025-11-28,9296
2025-11-28,9318
2025-11-28,9326
2025-11-28,9334
2025-11-28,9369
2025-11-28,9377
2025-11-28,9385
2025-11-28,9393
2025-11-28,9407
2025-11-28,9423
2025-11-28,9431
2025-11-28,9466
2025-11-28,9571
2025-11-28,9598
2025-11-28,9601
2025-11-28,9628
2025-11-28,9679
2025-11-28,9687
2025-11-28,9695
2025-11-28,9717
2025-11-28,9741
2025-11-28,9776
2025-11-28,9792
2025-11-28,9814
2025-11-28,9822
2025-11-28,9873
2025-11-28,9881
2025-11-28,9946
2025-11-28,9954
2025-11-28,9962
2025-11-28,9997
