date,ticker,value
2020-03-05,0007.KL,0.2
2018-06-07,0008.KL,2.0
2024-03-21,0010.KL,0.25
2017-05-23,0012.KL,1.25
2017-12-26,0022.KL,0.1
2017-11-10,0024.KL,1.07692308
2020-08-21,0024.KL,0.25
2022-12-12,0024.KL,1.01428571
2023-06-13,0024.KL,1.05263158
2024-06-21,0024.KL,1.2
2017-07-10,0034.KL,0.25
2023-10-27,0034.KL,0.1
2017-09-12,0036.KL,0.25
2025-03-05,0036.KL,0.03333333
2016-12-20,0039.KL,0.05
2020-10-12,0040.KL,1.5
2018-12-21,0043.KL,0.33333333
2022-05-19,0043.KL,0.1
2022-10-12,0045.KL,0.1
2019-01-18,0049.KL,1.1
2022-07-01,0055.KL,1.875
2020-07-08,0056.KL,1.03333333
2019-01-22,0060.KL,0.5
2021-02-02,0060.KL,0.25
2024-11-19,0060.KL,0.33333333
2017-06-16,0065.KL,2.0
2023-05-22,0066.KL,0.03333333
2020-11-02,0069.KL,0.1
2024-09-23,0070.KL,0.1
2017-09-12,0072.KL,0.33333333
2024-01-10,0072.KL,0.03333333
2023-10-25,0074.KL,0.1
2017-06-07,0078.KL,4.0
2026-01-15,0079.KL,0.25
2020-05-14,0083.KL,1.5
2017-10-19,0084.KL,1.33333333
2022-09-27,0084.KL,0.16666667
2017-11-06,0089.KL,1.5
2016-12-16,0090.KL,1.5
2018-11-12,0090.KL,1.2
2017-03-22,0092.KL,0.5
2021-04-20,0092.KL,0.1
2016-09-21,0094.KL,0.5
2019-08-06,0095.KL,0.125
2022-11-23,0096.KL,0.1
2017-07-19,0097.KL,2.0
2022-01-19,0097.KL,2.0
2024-06-10,0097.KL,2.0
2018-12-06,0098.KL,2.0
2020-10-14,0100.KL,2.0
2022-11-07,0103.KL,0.1
2022-01-07,0104.KL,13.0
2020-08-25,0107.KL,0.5
2023-03-23,0107.KL,0.05
2017-07-18,0112.KL,1.4
2018-10-25,0113.KL,1.25
2017-11-09,0118.KL,1.16666667
2020-12-22,0118.KL,0.04
2021-07-01,0119.KL,3.0
2017-11-10,0120.KL,1.5
2023-05-25,0120.KL,1.5
2023-03-16,0122.KL,0.33333333
2021-08-19,0126.KL,4.0
2017-06-15,0127.KL,2.0
2018-02-08,0127.KL,2.0
2021-04-27,0128.KL,1.5
2018-12-19,0131.KL,0.5
2017-08-30,0133.KL,0.33333333
2021-04-02,0133.KL,0.1
2024-12-13,0133.KL,0.1
2016-12-28,0138.KL,1.5
2021-09-13,0138.KL,2.0
2017-02-06,0140.KL,0.25
2021-03-04,0140.KL,2.0
2017-12-27,0146.KL,1.66666667
2021-01-20,0146.KL,4.0
2021-07-01,0151.KL,2.0
2020-11-23,0152.KL,0.1
2023-09-14,0152.KL,0.1
2019-08-30,0157.KL,1.33333333
2021-02-03,0157.KL,1.5
2023-04-18,0157.KL,1.4
2025-08-14,0157.KL,1.33333333
2017-07-06,0158.KL,1.1
2021-03-11,0161.KL,0.33333333
2024-07-29,0165.KL,0.03333333
2017-01-19,0166.KL,2.0
2018-04-11,0166.KL,1.5
2017-08-04,0169.KL,0.25
2022-02-08,0170.KL,0.1
2026-09-11,0172.KL,1.03
2018-07-12,0174.KL,0.5
2022-03-15,0174.KL,0.1
2020-01-29,0175.KL,0.1
2022-04-14,0175.KL,2.5
2023-07-31,0176.KL,1.2
2021-06-09,0177.KL,0.1
2023-04-17,0177.KL,0.1
2018-04-18,0181.KL,1.25
2022-10-13,0182.KL,0.1
2017-09-12,0186.KL,1.6
2021-01-14,0186.KL,0.33333333
2024-03-06,0186.KL,1.5
2017-12-20,0188.KL,1.5
2018-06-26,0191.KL,1.375
2020-02-25,0193.KL,2.5
2020-03-19,0193.KL,1.003
2021-04-07,0193.KL,1.8
2021-06-22,0198.KL,1.5
2019-12-20,0200.KL,1.66666667
2020-01-16,0203.KL,2.0
2021-08-06,0205.KL,1.5
2021-01-07,0208.KL,2.0
2024-09-09,0208.KL,2.0
2025-05-14,0212.KL,1.33333333
2021-03-22,0215.KL,1.5
2022-05-05,0222.KL,2.0
2022-06-10,0223.KL,1.66666667
2021-11-02,0229.KL,1.75
2024-09-11,0237.KL,2.0
2025-12-08,0239.KL,2.0
2023-06-22,0251.KL,3.0
2025-06-12,0281.KL,1.25
2021-10-13,03005.KL,3.0
2024-10-07,03005.KL,1.33333333
2024-09-11,03018.KL,3.0
2020-09-15,03023.KL,0.25
2021-03-15,03027.KL,1.2
2026-03-31,03036.KL,2.0
2026-04-20,03061.KL,2.0
2025-10-23,0310.KL,1.5
2024-03-07,0320.KL,2.5
2021-10-13,0329.KL,3.0
2024-10-07,0329.KL,1.33333333
2024-09-11,0330.KL,3.0
2026-02-12,0335.KL,0.5
2018-01-05,1694.KL,1.8
2019-07-24,1724.KL,1.4
2018-04-10,1818.KL,1.5
2017-06-29,2054.KL,1.1
2020-05-27,2089.KL,2.0
2025-02-25,2089.KL,1.5
2018-07-30,2135.KL,1.5
2021-07-29,2135.KL,1.5
2025-02-04,2259.KL,0.2
2025-04-04,2429.KL,2.4
2024-05-09,2739.KL,0.05
2021-06-10,3069.KL,2.0
2018-08-28,3158.KL,1.006
2016-09-19,3204.KL,1.25
2017-08-08,3204.KL,1.5
2017-09-15,3247.KL,1.04
2018-12-14,3247.KL,1.0125
2018-09-06,3417.KL,1.02
2023-09-06,4022.KL,0.5
2018-07-24,4065.KL,1.2
2021-01-13,4731.KL,3.0
2018-11-01,4758.KL,1.1
2022-06-02,4758.KL,3.0
2024-02-15,4758.KL,1.01
2024-10-11,4758.KL,1.04
2025-05-15,4758.KL,1.01
2026-04-28,4758.KL,1.01
2026-08-18,4758.KL,1.005
2020-11-12,4944.KL,1.025
2017-07-03,5001.KL,2.5
2021-04-14,5001.KL,1.6
2021-10-06,5005.KL,2.0
2018-01-16,5020.KL,1.1
2016-12-07,5022.KL,1.5
2018-04-02,5027.KL,3.0
2025-07-09,5028.KL,1.25
2018-08-14,5029.KL,3.0
2021-08-04,5031.KL,3.0
2023-02-20,5040.KL,0.25
2021-03-31,5048.KL,1.66666667
2023-06-14,5056.KL,1.02
2024-08-08,5056.KL,1.75
2016-10-10,5062.KL,1.33333333
2016-11-22,5070.KL,1.25
2018-04-20,5070.KL,1.16666667
2025-12-11,5085.KL,0.2
2017-09-26,5098.KL,1.2
2018-02-12,5098.KL,1.33333333
2021-12-09,5100.KL,1.5
2019-11-04,5102.KL,2.0
2025-06-17,5102.KL,2.33333333
2025-07-01,5115.KL,0.1
2016-12-19,5125.KL,1.2
2019-03-20,5125.KL,1.01
2020-07-29,5125.KL,1.01
2022-07-15,5126.KL,1.5
2024-01-16,5136.KL,16.0
2021-03-10,5140.KL,4.0
2020-03-11,5142.KL,1.005
2017-09-06,5143.KL,3.0
2017-05-09,5147.KL,2.0
2021-06-17,5147.KL,2.0
2022-02-14,5149.KL,1.025
2021-06-25,5151.KL,1.6
2023-04-17,5151.KL,3.0
2026-06-03,5151.KL,1.02
2020-09-03,5152.KL,2.0
2026-04-23,5157.KL,0.1
2020-12-14,5160.KL,1.25
2021-08-02,5162.KL,2.0
2026-06-05,5162.KL,3.0
2024-03-11,5166.KL,0.1
2018-03-23,5168.KL,2.0
2018-12-18,5184.KL,1.5
2022-06-30,5192.KL,1.125
2022-09-02,5196.KL,5.0
2023-12-13,5196.KL,1.01
2022-09-14,5197.KL,1.02
2022-10-31,5197.KL,2.0
2022-12-13,5197.KL,1.04
2023-10-18,5199.KL,0.4
2021-01-27,5208.KL,2.0
2017-04-11,5211.KL,1.01
2017-09-27,5211.KL,2.33333333
2019-04-01,5211.KL,1.01
2019-10-01,5211.KL,1.01
2020-09-30,5216.KL,2.0
2025-08-21,5218.KL,0.05
2021-12-09,5219.KL,1.25
2018-12-12,5220.KL,0.05
2019-03-13,5226.KL,1.02
2017-09-19,5236.KL,1.25
2022-09-20,5236.KL,1.5
2025-02-24,5236.KL,1.5
2022-02-10,5238.KL,0.1
2017-12-26,5239.KL,2.0
2017-11-07,5242.KL,2.0
2017-08-09,5252.KL,1.5
2017-12-26,5253.KL,2.0
2020-01-22,5255.KL,0.02
2023-11-27,5255.KL,0.2
2023-09-29,5265.KL,0.1
2017-01-06,5267.KL,1.2
2021-02-11,5271.KL,1.0625
2021-10-18,5271.KL,1.02439024
2022-06-03,5271.KL,4.0
2019-04-29,5272.KL,1.2
2020-09-17,5272.KL,1.01
2021-04-19,5272.KL,1.01
2021-09-22,5272.KL,1.005
2021-12-21,5272.KL,1.005
2022-03-21,5272.KL,1.005
2024-05-20,5272.KL,1.005
2021-03-30,5273.KL,1.5
2022-08-18,5273.KL,2.0
2024-05-02,5273.KL,2.0
2017-05-16,5276.KL,2.0
2017-12-14,5277.KL,1.4
2019-12-04,5286.KL,1.5
2026-09-01,5286.KL,1.015
2021-03-25,5289.KL,2.25
2020-02-10,5292.KL,1.5
2021-02-16,5292.KL,2.0
2021-09-20,5293.KL,1.5
2022-06-22,5296.KL,1.5
2025-06-16,5302.KL,3.0
2024-06-06,5308.KL,1.33333333
2026-01-09,5340.KL,1.25
2024-12-19,5398.KL,2.0
2017-04-10,5401.KL,1.012
2019-09-19,5401.KL,1.03
2020-10-28,5401.KL,1.045
2024-03-21,5568.KL,1.01785714
2018-12-14,5576.KL,1.55
2022-01-27,5673.KL,2.0
2018-02-22,5789.KL,1.1
2020-07-29,5789.KL,1.03
2018-07-26,5797.KL,1.2
2022-08-04,5797.KL,1.5
2021-05-03,5827.KL,2.0
2018-06-07,5843.KL,1.07692308
2017-09-21,5878.KL,4.0
2018-08-13,5916.KL,2.0
2025-07-14,5916.KL,2.0
2024-05-08,5932.KL,0.2
2018-07-05,6041.KL,1.2
2017-11-29,6254.KL,0.25
2021-08-09,6254.KL,0.1
2019-01-24,6521.KL,1.2
2024-06-28,6602.KL,1.01
2020-11-23,6637.KL,2.0
2024-09-24,6718.KL,3.0
2018-05-04,6963.KL,1.25
2021-05-17,6963.KL,2.0
2016-12-28,6971.KL,1.5
2021-05-28,6971.KL,3.0
2024-01-08,7004.KL,2.0
2021-01-14,7006.KL,1.02
2021-03-12,7006.KL,2.0
2024-09-17,7010.KL,2.0
2017-02-13,7013.KL,0.05
2018-01-02,7017.KL,1.33333333
2021-02-09,7017.KL,1.8
2023-10-24,7017.KL,0.2
2018-05-24,7022.KL,2.0
2021-02-22,7031.KL,1.5
2021-09-02,7033.KL,3.0
2020-10-16,7034.KL,2.0
2018-06-11,7035.KL,2.0
2017-05-24,7036.KL,1.5
2021-08-06,7043.KL,2.0
2020-02-27,7045.KL,0.2
2019-01-08,7050.KL,1.25
2021-12-01,7050.KL,2.2
2024-12-17,7052.KL,1.5
2017-11-21,7055.KL,1.25
2018-06-25,7060.KL,1.1
2024-06-26,7060.KL,2.0
2022-07-29,7066.KL,0.2
2018-10-15,7070.KL,0.14285714
2024-10-02,7070.KL,0.2
2020-01-29,7077.KL,0.2
2018-12-12,7078.KL,1.125
2018-06-01,7079.KL,0.25
2021-07-05,7081.KL,5.0
2026-06-08,7081.KL,0.2
2017-09-08,7084.KL,1.3
2020-10-14,7084.KL,1.5
2024-09-17,7084.KL,1.5
2019-10-14,7087.KL,1.33333333
2022-06-30,7089.KL,3.0
2016-09-15,7091.KL,1.05
2017-05-05,7099.KL,1.05
2023-06-20,7103.KL,1.5
2025-02-10,7103.KL,2.0
2017-08-02,7105.KL,5.0
2019-01-03,7106.KL,2.0
2019-12-06,7106.KL,1.01538462
2020-09-04,7106.KL,2.0
2020-12-07,7106.KL,1.02222222
2021-12-17,7106.KL,1.03333333
2025-02-24,7106.KL,1.2
2018-10-24,7113.KL,2.0
2020-09-03,7113.KL,3.0
2022-01-03,7115.KL,3.0
2024-09-26,7121.KL,1.4
2021-09-03,7123.KL,0.1
2018-06-25,7133.KL,1.5
2016-11-10,7134.KL,1.04
2017-10-19,7134.KL,1.03571429
2023-07-18,7134.KL,1.01
2023-10-10,7134.KL,1.33333333
2018-12-10,7140.KL,1.5
2022-04-11,7145.KL,0.06666667
2024-02-20,7146.KL,0.1
2018-06-14,7148.KL,2.33333333
2021-09-06,7148.KL,1.33333333
2021-04-09,7149.KL,1.66666667
2022-01-13,7152.KL,2.0
2018-07-19,7153.KL,2.0
2020-10-09,7153.KL,2.0
2019-04-05,7154.KL,2.0
2021-04-21,7155.KL,1.25
2017-11-29,7160.KL,1.08
2019-06-26,7160.KL,1.5
2020-08-04,7160.KL,1.5
2018-02-23,7161.KL,2.2
2020-08-13,7161.KL,1.01
2021-06-09,7162.KL,1.02
2021-07-16,7162.KL,1.8
2016-09-14,7167.KL,2.0
2018-04-30,7172.KL,2.0
2022-04-27,7172.KL,5.0
2017-08-02,7174.KL,2.5
2020-08-05,7179.KL,0.04
2018-03-15,7180.KL,2.0
2021-06-04,7180.KL,3.0
2018-07-11,7186.KL,1.25
2025-05-02,7187.KL,2.0
2024-06-10,7195.KL,2.0
2025-04-07,7197.KL,3.0
2023-07-24,7198.KL,0.2
2017-11-13,7199.KL,1.1
2021-07-30,7202.KL,2.0
2023-05-10,7202.KL,1.5
2017-12-18,7207.KL,2.0
2023-10-27,7207.KL,1.025
2020-11-24,7208.KL,3.0
2021-09-06,7209.KL,3.0
2018-12-10,7210.KL,1.5
2021-06-16,7210.KL,2.0
2022-02-09,7211.KL,3.0
2024-06-10,7212.KL,0.1
2019-01-15,7214.KL,1.4
2019-02-22,7215.KL,1.08333333
2017-09-05,7216.KL,1.33333333
2021-11-05,7221.KL,2.0
2021-02-08,7225.KL,0.5
2017-09-11,7231.KL,1.5
2022-08-19,7232.KL,1.33333333
2018-11-27,7233.KL,1.5
2019-05-29,7233.KL,1.05
2020-08-03,7233.KL,2.0
2017-12-22,7234.KL,1.5
2017-06-05,7235.KL,2.0
2018-07-18,7237.KL,1.2
2020-02-06,7243.KL,0.1
2022-12-06,7243.KL,0.2
2018-05-14,7245.KL,1.33333333
2023-03-02,7245.KL,0.2
2020-12-10,7246.KL,1.04
2023-04-05,7246.KL,2.0
2017-07-25,7247.KL,1.33333333
2017-08-18,7248.KL,1.2
2020-09-22,7249.KL,1.0625
2025-04-04,7250.KL,1.33333333
2024-03-27,7252.KL,1.01492537
2024-12-11,7252.KL,2.0
2017-06-01,7285.KL,1.25
2022-04-12,7293.KL,2.0
2021-06-10,7412.KL,2.0
2023-01-06,7501.KL,2.6
2026-08-17,7501.KL,1.04
2025-10-24,7609.KL,2.0
2023-07-13,7757.KL,3.0
2020-10-19,7803.KL,3.0
2018-09-07,7889.KL,1.32
2021-03-22,7935.KL,4.0
2021-11-10,7943.KL,2.0
2024-11-08,7943.KL,0.5
2021-08-05,8044.KL,5.0
2018-09-14,8052.KL,1.8
2024-03-07,8052.KL,4.0
2024-03-22,8079.KL,1.04
2024-06-24,8079.KL,1.5
2017-09-13,8273.KL,1.71428571
2022-06-15,8273.KL,1.4
2017-08-29,8397.KL,1.02
2024-11-26,8397.KL,1.025
2019-05-06,8419.KL,1.5
2019-01-17,8435.KL,1.66666667
2017-10-17,8443.KL,1.2
2018-05-02,8494.KL,1.04
2019-06-19,8494.KL,1.2
2021-12-30,8494.KL,1.035
2018-10-16,8524.KL,1.66666667
2017-03-28,8532.KL,0.2
2017-06-28,8567.KL,1.05555556
2018-07-12,8567.KL,1.25
2019-06-27,8567.KL,1.03448276
2020-08-06,8567.KL,1.03448276
2021-06-29,8567.KL,1.02222222
2022-06-29,8567.KL,1.025
2023-05-09,8567.KL,1.025
2018-10-04,8605.KL,1.02
2019-11-26,8605.KL,1.02
2021-12-23,8605.KL,1.01
2016-11-04,8869.KL,2.0
2021-04-19,8869.KL,2.0
2017-02-23,8877.KL,2.5
2025-04-24,8907.KL,2.0
2021-06-23,8966.KL,1.5
2022-11-03,9148.KL,4.0
2020-12-30,9237.KL,4.0
2016-11-23,9261.KL,2.0
2019-12-19,9288.KL,0.25
2021-01-25,9288.KL,1.08
2022-01-04,9296.KL,2.0
2024-09-24,9296.KL,2.0
2020-03-24,9318.KL,1.06666667
2021-08-26,9326.KL,1.75
2021-07-22,9369.KL,2.0
2016-10-12,9385.KL,5.0
2017-06-23,9423.KL,2.0
2022-11-07,9431.KL,4.0
2018-03-05,9601.KL,0.25
2023-07-28,9601.KL,0.25
2017-06-06,9679.KL,1.00606061
2019-06-17,9679.KL,1.02
2020-08-11,9679.KL,1.01
2021-06-29,9679.KL,1.01
2026-09-11,9687.KL,3.0
2017-06-22,9792.KL,1.71428571
2022-03-02,9822.KL,4.0
2021-08-11,9873.KL,1.6
2023-06-23,9873.KL,1.05
2017-10-19,9946.KL,4.0
2024-06-07,9954.KL,0.33333333
